Listing ID,Price,Address,Beds,Baths,SqFt,Link,Image URL,Latitude,Longitude
51585585,1000000.0,"3450 Cahuenga Blvd W #905, Los Angeles, CA 90068",2.0,2.0,1921,https://www.redfin.com/CA/Los-Angeles/3450-Cahuenga-Blvd-W-90068/unit-905/home/51585585,https://ssl.cdn-redfin.com/system_files/media/1096989_JPG/genDesktopMapHomeCardUrl/item_3.jpg,34.1327368,-118.3535227
193007181,1850000.0,"3649 Regal Pl #404, Los Angeles, CA 90068",3.0,3.0,1731,https://www.redfin.com/CA/Los-Angeles/3649-Regal-Pl-90068/unit-404/home/193007181,https://ssl.cdn-redfin.com/photo/40/islphoto/701/genIslnoResize.25571701_0.jpg,34.1342348,-118.3620943
21925088,5950000.0,"6446 W Weidlake Dr, Los Angeles, CA 90068",4.0,5.0,6204,https://www.redfin.com/CA/Los-Angeles/6446-Weidlake-Dr-90068/home/21925088,https://ssl.cdn-redfin.com/photo/40/islphoto/862/genIslnoResize.20-636862_0.jpg,34.1157351,-118.3298564
7129663,1525000.0,"2434 Cazaux Pl, Los Angeles, CA 90027",3.0,2.0,1459,https://www.redfin.com/CA/Los-Angeles/2434-Cazaux-Pl-90068/home/7129663,https://ssl.cdn-redfin.com/photo/40/islphoto/313/genIslnoResize.25571313_1.jpg,34.1154055,-118.3146655
7127106,600000.0,"1942 Grace Ave #223, Los Angeles, CA 90068",2.0,2.0,1116,https://www.redfin.com/CA/Los-Angeles/1942-Grace-Ave-90068/unit-223/home/7127106,https://ssl.cdn-redfin.com/photo/45/islphoto/458/genIslnoResize.SR25169458_1.jpg,34.1066646,-118.3318694
7114943,3980000.0,"1960 Hillcrest Rd, Los Angeles, CA 90068",6.0,6.0,6341,https://www.redfin.com/CA/Los-Angeles/1960-Hillcrest-Rd-90068/home/7114943,https://ssl.cdn-redfin.com/photo/40/islphoto/683/genIslnoResize.25570683_0.jpg,34.1065992,-118.3397409
7130481,950000.0,"2536 Vasanta Way, Los Angeles, CA 90068",2.0,2.0,1362,https://www.redfin.com/CA/Los-Angeles/2536-Vasanta-Way-90068/home/7130481,https://ssl.cdn-redfin.com/photo/40/islphoto/807/genIslnoResize.25569807_8.jpg,34.1158132,-118.3238647
7127505,1200000.0,"2251 N Cahuenga Blvd, Los Angeles, CA 90068",2.0,2.0,1133,https://www.redfin.com/CA/Los-Angeles/2251-N-Cahuenga-Blvd-90068/home/7127505,https://ssl.cdn-redfin.com/photo/40/islphoto/649/genIslnoResize.25570649_2.jpg,34.1109532,-118.3329308
7128461,2300000.0,"6411 Tahoe Dr, Los Angeles, CA 90068",4.0,2.0,2290,https://www.redfin.com/CA/Los-Angeles/6411-Tahoe-Dr-90068/home/7128461,https://ssl.cdn-redfin.com/photo/40/islphoto/895/genIslnoResize.25569895_0.jpg,34.1279983,-118.3300769
7114421,570000.0,"6700 Hillpark Dr #302, Los Angeles, CA 90068",2.0,2.0,1059,https://www.redfin.com/CA/Los-Angeles/6700-Hillpark-Dr-90068/unit-302/home/7114421,https://ssl.cdn-redfin.com/photo/45/islphoto/582/genIslnoResize.GD25163582_0.jpg,34.117695,-118.3388867
7128024,1759999.0,"3540 N Knoll Dr, Los Angeles, CA 90068",3.0,3.0,1580,https://www.redfin.com/CA/Los-Angeles/3540-N-Knoll-Dr-90068/home/7128024,https://ssl.cdn-redfin.com/photo/45/islphoto/343/genIslnoResize.SR25168343_0.jpg,34.1330379,-118.337412
7127526,2100000.0,"6820 Whitley Ter, Los Angeles, CA 90068",8.0,8.0,4818,https://www.redfin.com/CA/Los-Angeles/6820-Whitley-Ter-90068/home/7127526,https://ssl.cdn-redfin.com/photo/40/islphoto/513/genIslnoResize.25565513_3.jpg,34.1100445,-118.3335304
8145766,1899999.0,"2729 Hollyview Ct, Los Angeles, CA 90068",4.0,3.0,3026,https://www.redfin.com/CA/Los-Angeles/2729-Hollyview-Ct-90068/home/8145766,https://ssl.cdn-redfin.com/photo/45/islphoto/889/genIslnoResize.SR25166889_0.jpg,34.119818,-118.342599
7131058,2399000.0,"1944 Argyle Ave, Los Angeles, CA 90068",8.0,4.0,6000,https://www.redfin.com/CA/Los-Angeles/1944-Argyle-Ave-90068/home/7131058,https://ssl.cdn-redfin.com/photo/40/islphoto/705/genIslnoResize.25569705_0.jpg,34.1065705,-118.3249627
7114956,8500000.0,"1947 Glencoe Way, Los Angeles, CA 90068",6.0,6.0,6602,https://www.redfin.com/CA/Los-Angeles/1947-Glencoe-Way-90068/home/7114956,https://ssl.cdn-redfin.com/photo/45/islphoto/608/genIslnoResize.PW25157608_1.jpg,34.1060223,-118.3390138
7130134,1425000.0,"3112 Ledgewood Dr, Los Angeles, CA 90068",2.0,2.0,1272,https://www.redfin.com/CA/Los-Angeles/3112-Ledgewood-Dr-90068/home/7130134,https://ssl.cdn-redfin.com/photo/40/islphoto/375/genIslnoResize.25569375_0.jpg,34.1250047,-118.3218347
17230229,540000.0,"6253 Hollywood Blvd #903, Los Angeles, CA 90028",0.0,1.0,730,https://www.redfin.com/CA/Los-Angeles/6253-Hollywood-Blvd-90028/unit-903/home/17230229,https://ssl.cdn-redfin.com/photo/40/islphoto/191/genIslnoResize.25557191_1.jpg,34.1017763,-118.3262794
5314245,2750000.0,"2942 Passmore Dr, Los Angeles, CA 90068",4.0,4.0,3821,https://www.redfin.com/CA/Los-Angeles/2942-Passmore-Dr-90068/home/5314245,https://ssl.cdn-redfin.com/photo/40/islphoto/139/genIslnoResize.25565139_2.jpg,34.1249467,-118.351598
7130776,1150000.0,"6222 Glen Airy St, Los Angeles, CA 90068",2.0,1.0,1030,https://www.redfin.com/CA/Los-Angeles/6222-Glen-Airy-St-90068/home/7130776,https://ssl.cdn-redfin.com/photo/45/islphoto/530/genIslnoResize.SR25164530_0.jpg,34.113005,-118.323296
7131163,1200000.0,"2174 Beachwood, Los Angeles, CA 90068",3.0,2.0,1317,https://www.redfin.com/CA/Los-Angeles/2174-Beachwood-Ter-90068/home/7131163,https://ssl.cdn-redfin.com/photo/45/islphoto/111/genIslnoResize.PW25164111_0.jpg,34.1100768,-118.3201506
7114781,4369000.0,"6911 Los Tilos Rd, Los Angeles, CA 90068",4.0,4.0,3967,https://www.redfin.com/CA/Los-Angeles/6911-Los-Tilos-Rd-90068/home/7114781,https://ssl.cdn-redfin.com/photo/40/islphoto/795/genIslnoResize.25567795_0.jpg,34.1108666,-118.3400869
7128420,2895000.0,"6312 Tahoe Dr, Los Angeles, CA 90068",4.0,3.0,2688,https://www.redfin.com/CA/Los-Angeles/6312-Tahoe-Dr-90068/home/7128420,https://ssl.cdn-redfin.com/photo/45/islphoto/135/genIslnoResize.NP25163135_1.jpg,34.1278078,-118.3279568
5315294,1150000.0,"2951 Park Center Dr, Los Angeles, CA 90068",2.0,2.0,1383,https://www.redfin.com/CA/Los-Angeles/2951-Park-Center-Dr-90068/home/5315294,https://ssl.cdn-redfin.com/photo/40/islphoto/961/genIslnoResize.25567961_0.jpg,34.1237707,-118.3448023
7126971,3199000.0,"7040 Hillside Ave, Los Angeles, CA 90068",3.0,2.0,2736,https://www.redfin.com/CA/Los-Angeles/7040-Hillside-Ave-90068/home/7126971,https://ssl.cdn-redfin.com/photo/40/islphoto/575/genIslnoResize.25566575_1.jpg,34.1055252,-118.3447703
7127614,1799000.0,"6476 San Marco Cir, Los Angeles, CA 90068",2.0,3.0,2276,https://www.redfin.com/CA/Los-Angeles/6476-San-Marco-Cir-90068/home/7127614,https://ssl.cdn-redfin.com/photo/45/islphoto/667/genIslnoResize.SR25162667_0.jpg,34.1124697,-118.3318321
5311667,1599000.0,"3334 Oak Glen Dr, Los Angeles, CA 90068",4.0,3.0,2738,https://www.redfin.com/CA/Los-Angeles/3334-Oak-Glen-Dr-90068/home/5311667,https://ssl.cdn-redfin.com/photo/40/islphoto/425/genIslnoResize.25567425_0.jpg,34.130248,-118.3512676
5313399,2495000.0,"7316 Caverna Dr, Los Angeles, CA 90068",2.0,2.0,1582,https://www.redfin.com/CA/Los-Angeles/7316-Caverna-Dr-90068/home/5313399,https://ssl.cdn-redfin.com/photo/40/islphoto/197/genIslnoResize.25567197_0.jpg,34.1214121,-118.3525064
7114872,3995000.0,"1919 Pinehurst Rd, Los Angeles, CA 90068",4.0,5.0,4288,https://www.redfin.com/CA/Los-Angeles/1919-Pinehurst-Rd-90068/home/7114872,https://ssl.cdn-redfin.com/photo/40/islphoto/891/genIslnoResize.25566891_0.jpg,34.1054019,-118.3400991
17229505,750000.0,"6253 Hollywood Blvd #506, Los Angeles, CA 90028",2.0,1.0,1230,https://www.redfin.com/CA/Los-Angeles/6253-Hollywood-Blvd-90028/unit-506/home/17229505,https://ssl.cdn-redfin.com/photo/40/islphoto/925/genIslnoResize.25566925_0.jpg,34.1017763,-118.3262794
7130091,1495000.0,"6180 Rockcliff Dr, Los Angeles, CA 90068",2.0,2.0,1477,https://www.redfin.com/CA/Los-Angeles/6180-Rockcliff-Dr-90068/home/7130091,https://ssl.cdn-redfin.com/photo/40/islphoto/117/genIslnoResize.25527117_0.jpg,34.1279023,-118.3206272
7128368,2095000.0,"6467 Deep Dell Pl, Los Angeles, CA 90068",3.0,3.0,3598,https://www.redfin.com/CA/Los-Angeles/6467-Deep-Dell-Pl-90068/home/7128368,https://ssl.cdn-redfin.com/photo/40/islphoto/727/genIslnoResize.25566727_0.jpg,34.115343,-118.3307221
5315278,1499000.0,"6900 Treasure Trl, Los Angeles, CA 90068",2.0,2.0,1558,https://www.redfin.com/CA/Los-Angeles/6900-Treasure-Trl-90068/home/5315278,https://ssl.cdn-redfin.com/photo/40/islphoto/847/genIslnoResize.25539847_2.jpg,34.1241745,-118.3452246
5312978,2099000.0,"2806 Sunday Trl, Los Angeles, CA 90068",3.0,3.0,2520,https://www.redfin.com/CA/Los-Angeles/2806-Sunday-Trl-90068/home/5312978,https://ssl.cdn-redfin.com/photo/40/islphoto/877/genIslnoResize.25563877_1.jpg,34.1220291,-118.3511864
7129370,1575000.0,"2620 Rutherford Dr, Los Angeles, CA 90068",3.0,2.0,1713,https://www.redfin.com/CA/Los-Angeles/2620-Rutherford-Dr-90068/home/7129370,https://ssl.cdn-redfin.com/photo/40/islphoto/087/genIslnoResize.25565087_1.jpg,34.1146408,-118.3193631
7114481,615000.0,"6716 Hillpark Dr #406, Los Angeles, CA 90068",2.0,2.0,1235,https://www.redfin.com/CA/Los-Angeles/6716-Hillpark-Dr-90068/unit-406/home/7114481,https://ssl.cdn-redfin.com/photo/40/islphoto/947/genIslnoResize.25565947_1.jpg,34.1178089,-118.3394754
7115047,1099000.0,"6873 Yeager Pl, Los Angeles, CA 90068",2.0,1.0,936,https://www.redfin.com/CA/Los-Angeles/6873-Yeager-Pl-90068/home/7115047,https://ssl.cdn-redfin.com/photo/40/islphoto/501/genIslnoResize.25563501_0.jpg,34.1094728,-118.3394059
7114623,5900000.0,"7139 Macapa Dr, Los Angeles, CA 90068",4.0,5.0,3449,https://www.redfin.com/CA/Los-Angeles/7139-Macapa-Dr-90068/home/7114623,https://ssl.cdn-redfin.com/photo/45/islphoto/425/genIslnoResize.SR25159425_0.jpg,34.118828,-118.3461825
7131457,1795000.0,"5924 Graciosa Dr, Los Angeles, CA 90068",4.0,4.0,2446,https://www.redfin.com/CA/Los-Angeles/5924-Graciosa-Dr-90068/home/7131457,https://ssl.cdn-redfin.com/photo/45/islphoto/717/genIslnoResize.SR25158717_0.jpg,34.1127435,-118.3189929
7127368,489000.0,"1940 N Highland Ave #10, Los Angeles, CA 90068",2.0,2.0,980,https://www.redfin.com/CA/Los-Angeles/1940-N-Highland-Ave-90068/unit-10/home/7127368,https://ssl.cdn-redfin.com/photo/45/islphoto/228/genIslnoResize.P1-23228_2.jpg,34.10648,-118.3368355
5315152,1499999.0,"7010 Loyal Trl, Los Angeles, CA 90068",2.0,3.0,1806,https://www.redfin.com/CA/Los-Angeles/7010-Loyal-Trl-90068/home/5315152,https://ssl.cdn-redfin.com/photo/45/islphoto/021/genIslnoResize.GD25153021_0.jpg,34.1245002,-118.3466445
5310911,1799999.0,"3740 Multiview Dr, Los Angeles, CA 90068",4.0,4.0,3481,https://www.redfin.com/CA/Los-Angeles/3740-Multiview-Dr-90068/home/5310911,https://ssl.cdn-redfin.com/photo/40/islphoto/753/genIslnoResize.25564753_0.jpg,34.1328332,-118.359602
79040839,1198000.0,"6746 W Gill Way, Los Angeles, CA 90068",3.0,3.0,1859,https://www.redfin.com/CA/Los-Angeles/6746-Gill-Way-90068/home/79040839,https://ssl.cdn-redfin.com/photo/40/islphoto/717/genIslnoResize.25564717_0.jpg,34.1193866,-118.3402821
8149029,1125000.0,"3401 Barham Blvd #3, Los Angeles, CA 90068",3.0,4.0,1930,https://www.redfin.com/CA/Los-Angeles/3401-Barham-Blvd-90068/unit-3/home/8149029,https://ssl.cdn-redfin.com/photo/40/islphoto/797/genIslnoResize.25563797_1.jpg,34.1335555,-118.3439588
22980486,2549000.0,"7350 Pacific View Dr, Los Angeles, CA 90068",3.0,3.0,2148,https://www.redfin.com/CA/Los-Angeles/7350-Pacific-View-Dr-90068/home/22980486,https://ssl.cdn-redfin.com/photo/40/islphoto/049/genIslnoResize.25564049_1.jpg,34.1215968,-118.3541162
7128076,498000.0,"3480 Barham Blvd #218, Los Angeles, CA 90068",1.0,1.0,812,https://www.redfin.com/CA/Los-Angeles/3480-Barham-Blvd-90068/unit-218/home/7128076,https://ssl.cdn-redfin.com/photo/40/islphoto/167/genIslnoResize.25564167_0.jpg,34.135386,-118.3418345
7128724,1699000.0,"3319 Floyd Ter, Los Angeles, CA 90068",5.0,4.0,2911,https://www.redfin.com/CA/Los-Angeles/3319-Floyd-Ter-90068/home/7128724,https://ssl.cdn-redfin.com/photo/40/islphoto/899/genIslnoResize.25563899_0.jpg,34.1314042,-118.3460091
7128512,1175000.0,"3305 Hillock Dr, Los Angeles, CA 90068",1.0,1.0,935,https://www.redfin.com/CA/Los-Angeles/3305-Hillock-Dr-90068/home/7128512,https://ssl.cdn-redfin.com/photo/40/islphoto/733/genIslnoResize.25563733_0.jpg,34.137826,-118.3433226
7131523,3399000.0,"2027 N Canyon Dr, Los Angeles, CA 90068",5.0,6.0,4122,https://www.redfin.com/CA/Los-Angeles/2027-Canyon-Dr-90068/home/7131523,https://ssl.cdn-redfin.com/photo/40/islphoto/285/genIslnoResize.25563285_0.jpg,34.1081604,-118.3172467
7127592,3199900.0,"2276 La Granada Dr, Los Angeles, CA 90068",4.0,3.0,2415,https://www.redfin.com/CA/Los-Angeles/2276-La-Granada-Dr-90068/home/7127592,https://ssl.cdn-redfin.com/photo/40/islphoto/967/genIslnoResize.25561967_4.jpg,34.1119609,-118.331321
5314800,2299000.0,"3310 Bennett Dr, Los Angeles, CA 90068",4.0,3.0,2746,https://www.redfin.com/CA/Los-Angeles/3310-Bennett-Dr-90068/home/5314800,https://ssl.cdn-redfin.com/photo/40/islphoto/505/genIslnoResize.25560505_5.jpg,34.1269929,-118.3485894
22718360,2099000.0,"6607 Cahuenga Ter, Los Angeles, CA 90068",4.0,4.0,2969,https://www.redfin.com/CA/Los-Angeles/6607-Cahuenga-Ter-90068/home/22718360,https://ssl.cdn-redfin.com/photo/40/islphoto/445/genIslnoResize.25562445_2.jpg,34.1122342,-118.3335818
178969676,1350000.0,"3226 Barham Blvd, Los Angeles, CA 90068",1.0,2.0,2004,https://www.redfin.com/CA/Los-Angeles/3226-Barham-Blvd-90068/home/178969676,https://ssl.cdn-redfin.com/photo/40/islphoto/547/genIslnoResize.25559547_0.jpg,34.1292157,-118.3462156
7129533,1799950.0,"2838 Lambert Dr, Los Angeles, CA 90068",6.0,6.0,2820,https://www.redfin.com/CA/Los-Angeles/2838-Lambert-Dr-90068/home/7129533,https://ssl.cdn-redfin.com/photo/45/islphoto/855/genIslnoResize.TR25153855_1.jpg,34.1191389,-118.3176323
5312405,4949000.0,"2841 Montcalm Ave, Los Angeles, CA 90046",4.0,5.0,4409,https://www.redfin.com/CA/Los-Angeles/2841-Montcalm-Ave-90046/home/5312405,https://ssl.cdn-redfin.com/photo/40/islphoto/753/genIslnoResize.25562753_0.jpg,34.1232535,-118.3557239
17234472,949000.0,"6253 Hollywood Blvd #302, Los Angeles, CA 90028",2.0,2.0,1140,https://www.redfin.com/CA/Los-Angeles/6253-Hollywood-Blvd-90028/unit-302/home/17234472,https://ssl.cdn-redfin.com/photo/40/islphoto/447/genIslnoResize.25562447_0.jpg,34.1017763,-118.3262794
105492931,959000.0,"5633 Observation Ln, Los Angeles, CA 90028",2.0,3.0,1394,https://www.redfin.com/CA/Los-Angeles/5633-Observation-Ln-90028/home/105492931,https://ssl.cdn-redfin.com/photo/40/islphoto/149/genIslnoResize.25562149_0.jpg,34.1024646,-118.3127456
7127203,1549000.0,"6655 Emmet Ter, Los Angeles, CA 90068",3.0,2.0,2119,https://www.redfin.com/CA/Los-Angeles/6655-Emmet-Ter-90068/home/7127203,https://ssl.cdn-redfin.com/photo/40/islphoto/869/genIslnoResize.25561869_0.jpg,34.1061659,-118.3348912
7128073,465000.0,"3480 Barham Blvd #215, Los Angeles, CA 90068",1.0,1.0,812,https://www.redfin.com/CA/Los-Angeles/3480-Barham-Blvd-90068/unit-215/home/7128073,https://ssl.cdn-redfin.com/photo/45/islphoto/619/genIslnoResize.SR25147619_1.jpg,34.135386,-118.3418345
7130831,1500000.0,"2228 Vista Del Mar Pl, Los Angeles, CA 90068",2.0,2.0,1660,https://www.redfin.com/CA/Los-Angeles/2228-Vista-del-Mar-Pl-90068/home/7130831,https://ssl.cdn-redfin.com/photo/40/islphoto/337/genIslnoResize.25561337_0.jpg,34.1110858,-118.3239353
7130816,2295000.0,"6245 Scenic Ave, Los Angeles, CA 90068",4.0,3.0,4218,https://www.redfin.com/CA/Los-Angeles/6245-Scenic-Ave-90068/home/7130816,https://ssl.cdn-redfin.com/photo/45/islphoto/030/genIslnoResize.OC25150030_0.jpg,34.1097975,-118.3244199
7127036,725000.0,"6431 Dix St, Los Angeles, CA 90068",2.0,1.0,720,https://www.redfin.com/CA/Los-Angeles/6431-Dix-St-90068/home/7127036,https://ssl.cdn-redfin.com/photo/45/islphoto/616/genIslnoResize.CV25150616_0.jpg,34.1059773,-118.3300883
5313854,1999999.0,"6960 Pacific View Dr, Los Angeles, CA 90068",4.0,3.0,2000,https://www.redfin.com/CA/Los-Angeles/6960-Pacific-View-Dr-90068/home/5313854,https://ssl.cdn-redfin.com/photo/40/islphoto/489/genIslnoResize.25560489_0.jpg,34.1205556,-118.3450306
7128548,1675000.0,"3488 Troy Dr, Los Angeles, CA 90068",4.0,4.0,3340,https://www.redfin.com/CA/Los-Angeles/3488-Troy-Dr-90068/home/7128548,https://ssl.cdn-redfin.com/photo/40/islphoto/747/genIslnoResize.25554747_0.jpg,34.1363616,-118.3435238
7114419,595000.0,"6700 Hillpark Dr #204, Los Angeles, CA 90068",2.0,2.0,1040,https://www.redfin.com/CA/Los-Angeles/6700-Hillpark-Dr-90068/unit-204/home/7114419,https://ssl.cdn-redfin.com/photo/40/islphoto/335/genIslnoResize.25560335_4.jpg,34.117695,-118.3388867
7130513,2399000.0,"2646 Rinconia Dr, Los Angeles, CA 90068",5.0,3.0,3350,https://www.redfin.com/CA/Los-Angeles/2646-Rinconia-Dr-90068/home/7130513,https://ssl.cdn-redfin.com/photo/40/islphoto/493/genIslnoResize.25559493_B.jpg,34.1171483,-118.3254308
7129124,3445000.0,"3275 N Knoll Dr, Los Angeles, CA 90068",5.0,5.0,4709,https://www.redfin.com/CA/Los-Angeles/3275-N-Knoll-Dr-90068/home/7129124,https://ssl.cdn-redfin.com/photo/40/islphoto/085/genIslnoResize.25558085_9.jpg,34.1278659,-118.3434227
7129079,1899000.0,"3233 Tareco Dr, Los Angeles, CA 90068",3.0,4.0,2203,https://www.redfin.com/CA/Los-Angeles/3233-Tareco-Dr-90068/home/7129079,https://ssl.cdn-redfin.com/photo/45/islphoto/476/genIslnoResize.WS25134476_1.jpg,34.1275856,-118.3419598
196213271,3875000.0,"6686 Emmet Ter, Los Angeles, CA 90068",8.0,6.0,4474,https://www.redfin.com/CA/Los-Angeles/6686-Emmet-Ter-90068/home/196213271,https://ssl.cdn-redfin.com/photo/40/islphoto/343/genIslnoResize.25557343_0.jpg,34.1058515,-118.3360921
184234816,2595000.0,"2609 Creston Dr, Los Angeles, CA 90068",4.0,4.0,2811,https://www.redfin.com/CA/Los-Angeles/2609-Creston-Dr-90068/home/184234816,https://ssl.cdn-redfin.com/photo/40/islphoto/495/genIslnoResize.25558495_0.jpg,34.1160549,-118.3242093
7129883,9200000.0,"3306 Deronda Dr, Los Angeles, CA 90068",3.0,3.0,3137,https://www.redfin.com/CA/Los-Angeles/3306-Deronda-Dr-90068/home/7129883,https://ssl.cdn-redfin.com/photo/40/islphoto/339/genIslnoResize.25558339_1.jpg,34.1278977,-118.3193004
5314829,1235000.0,"3209 Bennett Dr, Los Angeles, CA 90068",3.0,2.0,1065,https://www.redfin.com/CA/Los-Angeles/3209-Bennett-Dr-90068/home/5314829,https://ssl.cdn-redfin.com/photo/45/islphoto/864/genIslnoResize.SW25142864_1.jpg,34.1269711,-118.3463497
21915088,1049000.0,"2020 Holly Dr #9, Los Angeles, CA 90068",3.0,3.0,1630,https://www.redfin.com/CA/Los-Angeles/2020-Holly-Dr-90068/unit-9/home/21915088,https://ssl.cdn-redfin.com/photo/40/islphoto/891/genIslnoResize.25556891_1.jpg,34.1080123,-118.3291619
7128122,819995.0,"2700 Cahuenga Blvd E #1302, Los Angeles, CA 90068",3.0,2.0,1421,https://www.redfin.com/CA/Los-Angeles/2700-Cahuenga-Blvd-E-90068/unit-1302/home/7128122,https://ssl.cdn-redfin.com/photo/45/islphoto/144/genIslnoResize.GD25143144_0.jpg,34.1186309,-118.3368348
7112090,2750000.0,"5666-5672 Franklin Ave, Los Angeles, CA 90028",8.0,4.0,5016,https://www.redfin.com/CA/Los-Angeles/5666-Franklin-Ave-90028/home/7112090,https://ssl.cdn-redfin.com/photo/45/islphoto/658/genIslnoResize.SR25143658_0.jpg,34.1052341,-118.3129407
5311114,1995000.0,"3564 Multiview Dr, Los Angeles, CA 90068",3.0,2.0,2405,https://www.redfin.com/CA/Los-Angeles/3564-Multiview-Dr-90068/home/5311114,https://ssl.cdn-redfin.com/photo/40/islphoto/547/genIslnoResize.25557547_1.jpg,34.1303402,-118.3613296
7127235,3300000.0,"6613 Whitley Ter, Los Angeles, CA 90068",3.0,3.0,2720,https://www.redfin.com/CA/Los-Angeles/6613-Whitley-Ter-90068/home/7127235,https://ssl.cdn-redfin.com/photo/40/islphoto/303/genIslnoResize.25555303_1.jpg,34.1073165,-118.3340452
7126701,3995000.0,"2247 Chelan Pl, Los Angeles, CA 90046",5.0,5.0,3688,https://www.redfin.com/CA/Los-Angeles/2247-Chelan-Pl-90068/home/7126701,https://ssl.cdn-redfin.com/photo/40/islphoto/159/genIslnoResize.25557159_0.jpg,34.1124969,-118.3468607
7128778,615000.0,"3284 Barham Blvd #201, Los Angeles, CA 90068",2.0,2.0,1254,https://www.redfin.com/CA/Los-Angeles/3284-Barham-Blvd-90068/unit-201/home/7128778,https://ssl.cdn-redfin.com/photo/45/islphoto/489/genIslnoResize.BB25142489_2.jpg,34.1305205,-118.3452297
7127678,1890000.0,"6389 La Punta Dr, Los Angeles, CA 90068",3.0,3.0,2389,https://www.redfin.com/CA/Los-Angeles/6389-La-Punta-Dr-90068/home/7127678,https://ssl.cdn-redfin.com/photo/40/islphoto/547/genIslnoResize.25555547_0.jpg,34.1142376,-118.3283435
7129249,1199000.0,"2516 Glen Green St, Los Angeles, CA 90068",3.0,2.0,1191,https://www.redfin.com/CA/Los-Angeles/2516-Glen-Green-St-90068/home/7129249,https://ssl.cdn-redfin.com/photo/40/islphoto/565/genIslnoResize.25555565_0.jpg,34.1159848,-118.3210145
7127518,2350000.0,"6801 Iris Cir, Los Angeles, CA 90068",4.0,3.0,2814,https://www.redfin.com/CA/Los-Angeles/6801-Iris-Cir-90068/home/7127518,https://ssl.cdn-redfin.com/photo/40/islphoto/485/genIslnoResize.25555485_0.jpg,34.1098566,-118.3325198
5314109,1649000.0,"3329 Adina Dr, Los Angeles, CA 90068",3.0,4.0,1904,https://www.redfin.com/CA/Los-Angeles/3329-Adina-Dr-90068/home/5314109,https://ssl.cdn-redfin.com/system_files/media/1109747_JPG/genDesktopMapHomeCardUrl/item_43.jpg,34.1274539,-118.3518628
7130897,2499000.0,"6216 Primrose Ave, Los Angeles, CA 90068",3.0,4.0,2756,https://www.redfin.com/CA/Los-Angeles/6216-Primrose-Ave-90068/home/7130897,https://ssl.cdn-redfin.com/photo/40/islphoto/225/genIslnoResize.25555225_4.jpg,34.1090791,-118.3239737
7130779,1795000.0,"2310 Vasanta Way, Los Angeles, CA 90068",4.0,3.0,2200,https://www.redfin.com/CA/Los-Angeles/2310-Vasanta-Way-90068/home/7130779,https://ssl.cdn-redfin.com/photo/40/islphoto/751/genIslnoResize.25554751_2.jpg,34.1127152,-118.3230882
5314289,1795000.0,"7191 Woodrow Wilson Dr, Los Angeles, CA 90068",2.0,1.0,1159,https://www.redfin.com/CA/Los-Angeles/7191-Woodrow-Wilson-Dr-90068/home/5314289,https://ssl.cdn-redfin.com/photo/40/islphoto/577/genIslnoResize.25554577_1.jpg,34.1254142,-118.3493742
7126643,3295000.0,"2600 Carman Crest Dr, Los Angeles, CA 90068",4.0,4.0,4800,https://www.redfin.com/CA/Los-Angeles/2600-Carman-Crest-Dr-90068/home/7126643,https://ssl.cdn-redfin.com/photo/40/islphoto/823/genIslnoResize.25554823_1.jpg,34.1157394,-118.3485113
7132299,4099000.0,"2216 E Live Oak Dr, Los Angeles, CA 90068",4.0,5.0,4130,https://www.redfin.com/CA/Los-Angeles/2216-E-Live-Oak-Dr-90068/home/7132299,https://ssl.cdn-redfin.com/photo/40/islphoto/189/genIslnoResize.25547189_0.jpg,34.1110748,-118.308334
7129824,2250000.0,"6105 Mulholland Hwy, Los Angeles, CA 90068",3.0,3.0,2515,https://www.redfin.com/CA/Los-Angeles/6105-Mulholland-Hwy-90068/home/7129824,https://ssl.cdn-redfin.com/photo/40/islphoto/323/genIslnoResize.25549323_0.jpg,34.130976,-118.3209278
7127630,2399000.0,"2350 San Marco Dr, Los Angeles, CA 90068",4.0,4.0,4800,https://www.redfin.com/CA/Los-Angeles/2350-San-Marco-Dr-90068/home/7127630,https://ssl.cdn-redfin.com/photo/40/islphoto/661/genIslnoResize.25554661_0.jpg,34.114169,-118.3311043
7130430,1895000.0,"2575 N Beachwood Dr, Los Angeles, CA 90068",3.0,3.0,1868,https://www.redfin.com/CA/Los-Angeles/2575-N-Beachwood-Dr-90068/home/7130430,https://ssl.cdn-redfin.com/photo/40/islphoto/331/genIslnoResize.25554331_1.jpg,34.1172588,-118.3217548
5315241,1695000.0,"3006 Vista Crest Dr, Los Angeles, CA 90068",3.0,3.0,2411,https://www.redfin.com/CA/Los-Angeles/3006-Vista-Crest-Dr-90068/home/5315241,https://ssl.cdn-redfin.com/photo/40/islphoto/015/genIslnoResize.25554015_1.jpg,34.1230392,-118.3461263
7114441,691000.0,"6704 Hillpark Dr #202, Los Angeles, CA 90068",1.0,1.0,942,https://www.redfin.com/CA/Los-Angeles/6704-Hillpark-Dr-90068/unit-202/home/7114441,https://ssl.cdn-redfin.com/photo/40/islphoto/237/genIslnoResize.25554237_0.jpg,34.1177975,-118.3390751
7129146,2395000.0,"3236 Primera Ave, Los Angeles, CA 90068",4.0,4.0,3651,https://www.redfin.com/CA/Los-Angeles/3236-Primera-Ave-90068/home/7129146,https://ssl.cdn-redfin.com/photo/40/islphoto/843/genIslnoResize.25552843_0.jpg,34.1293427,-118.3453386
7129697,1800000.0,"5734 Cazaux Dr, Los Angeles, CA 90068",5.0,3.0,2655,https://www.redfin.com/CA/Los-Angeles/5734-Cazaux-Dr-90068/home/7129697,https://ssl.cdn-redfin.com/photo/45/islphoto/004/genIslnoResize.SR25122004_3.jpg,34.1149075,-118.3142611
7131917,1799000.0,"2256 Bronson Hill Dr, Los Angeles, CA 90068",2.0,2.0,1586,https://www.redfin.com/CA/Los-Angeles/2256-Bronson-Hill-Dr-90068/home/7131917,https://ssl.cdn-redfin.com/photo/45/islphoto/572/genIslnoResize.BB25102572_0.jpg,34.1115404,-118.3157433
7128116,529000.0,"2700 Cahuenga Blvd #1203, Los Angeles, CA 90068",1.0,1.0,685,https://www.redfin.com/CA/Los-Angeles/2700-Cahuenga-Blvd-E-90068/unit-1203/home/7128116,https://ssl.cdn-redfin.com/photo/40/islphoto/591/genIslnoResize.25547591_1.jpg,34.1186309,-118.3368348
196114704,4100000.0,"1734 Taft Ave, Los Angeles, CA 90028",24.0,22.0,14029,https://www.redfin.com/CA/Los-Angeles/1734-Taft-Ave-90028/home/196114704,https://ssl.cdn-redfin.com/photo/40/islphoto/309/genIslnoResize.25553309_0.jpg,34.1027831,-118.31445
7131871,2996000.0,"5698 Holly Oak Dr, Los Angeles, CA 90068",4.0,4.0,3986,https://www.redfin.com/CA/Los-Angeles/5698-Holly-Oak-Dr-90068/home/7131871,https://ssl.cdn-redfin.com/photo/40/islphoto/205/genIslnoResize.25553205_0.jpg,34.1100282,-118.3135694
7114526,585000.0,"6732 Hillpark Dr #307, Los Angeles, CA 90068",2.0,2.0,1221,https://www.redfin.com/CA/Los-Angeles/6732-Hillpark-Dr-90068/unit-307/home/7114526,https://ssl.cdn-redfin.com/photo/40/islphoto/931/genIslnoResize.25526931_0.jpg,34.1180482,-118.3401201
7128429,2495000.0,"3127 Arrowhead Dr, Los Angeles, CA 90068",4.0,2.0,2763,https://www.redfin.com/CA/Los-Angeles/3127-Arrowhead-Dr-90068/home/7128429,https://ssl.cdn-redfin.com/photo/40/islphoto/161/genIslnoResize.25552161_2.jpg,34.1263746,-118.3276099
7128185,499900.0,"2700 Cahuenga Blvd E #3104, Los Angeles, CA 90068",1.0,1.0,685,https://www.redfin.com/CA/Los-Angeles/2700-Cahuenga-Blvd-E-90068/unit-3104/home/7128185,https://ssl.cdn-redfin.com/photo/45/islphoto/276/genIslnoResize.SR25134276_0.jpg,34.1186309,-118.3368348
7126970,7798000.0,"1851 Outpost Dr, Los Angeles, CA 90068",6.0,6.0,5906,https://www.redfin.com/CA/Los-Angeles/1851-Outpost-Dr-90068/home/7126970,https://ssl.cdn-redfin.com/photo/40/islphoto/893/genIslnoResize.25550893_5.jpg,34.105493,-118.344527
5313452,2795000.0,"7308 Pacific View Dr, Los Angeles, CA 90068",3.0,3.0,3422,https://www.redfin.com/CA/Los-Angeles/7308-Pacific-View-Dr-90068/home/5313452,https://ssl.cdn-redfin.com/photo/40/islphoto/021/genIslnoResize.25552021_1.jpg,34.1205922,-118.3520774
7128084,490000.0,"3480 Barham Blvd #226, Los Angeles, CA 90068",1.0,1.0,812,https://www.redfin.com/CA/Los-Angeles/3480-Barham-Blvd-90068/unit-226/home/7128084,https://ssl.cdn-redfin.com/photo/40/islphoto/735/genIslnoResize.25551735_0.jpg,34.135386,-118.3418345
7131462,1695000.0,"2464 Hollyridge Dr, Los Angeles, CA 90068",2.0,3.0,1830,https://www.redfin.com/CA/Los-Angeles/2464-Hollyridge-Dr-90068/home/7131462,https://ssl.cdn-redfin.com/photo/40/islphoto/291/genIslnoResize.25551291_0.jpg,34.1125915,-118.3193189
7128290,2595000.0,"6570 Lakeridge Rd, Los Angeles, CA 90068",3.0,2.0,2201,https://www.redfin.com/CA/Los-Angeles/6570-Lakeridge-Rd-90068/home/7128290,https://ssl.cdn-redfin.com/photo/40/islphoto/691/genIslnoResize.25547691_1.jpg,34.1236927,-118.3393689
7129302,1700000.0,"2420 N Beachwood Dr, Los Angeles, CA 90068",6.0,3.0,3280,https://www.redfin.com/CA/Los-Angeles/2420-N-Beachwood-Dr-90068/home/7129302,https://ssl.cdn-redfin.com/photo/40/islphoto/715/genIslnoResize.25550715_4.jpg,34.1138282,-118.3213819
7127729,2889150.0,"6324 Quebec Dr, Los Angeles, CA 90068",4.0,5.0,4012,https://www.redfin.com/CA/Los-Angeles/6324-Quebec-Dr-90068/home/7127729,https://ssl.cdn-redfin.com/photo/40/islphoto/217/genIslnoResize.25551217_0.jpg,34.1132845,-118.3264924
7131856,2849000.0,"5649 Valley Oak Dr, Los Angeles, CA 90068",3.0,3.0,2661,https://www.redfin.com/CA/Los-Angeles/5649-Valley-Oak-Dr-90068/home/7131856,https://ssl.cdn-redfin.com/photo/40/islphoto/059/genIslnoResize.25551059_0.jpg,34.1104741,-118.3128356
189465467,2800000.0,"3657 1/2 Regal Pl Unit 3657 1/2, Los Angeles, CA 90068",4.0,4.0,2560,https://www.redfin.com/CA/Los-Angeles/3657-1-2-Regal-Pl-90068/unit-3657-1-2/home/189465467,https://ssl.cdn-redfin.com/photo/40/islphoto/399/genIslnoResize.25550399_0.jpg,34.1342293,-118.3616378
7131438,3050000.0,"5940 Manola Way, Los Angeles, CA 90068",4.0,3.0,3316,https://www.redfin.com/CA/Los-Angeles/5940-Manola-Way-90068/home/7131438,https://ssl.cdn-redfin.com/system_files/media/1104921_JPG/genDesktopMapHomeCardUrl/item_4.jpg,34.1123199,-118.3190035
5311217,2225000.0,"3201 Bonnie Hill Dr, Los Angeles, CA 90068",4.0,3.0,1915,https://www.redfin.com/CA/Los-Angeles/3201-Bonnie-Hill-Dr-90068/home/5311217,https://ssl.cdn-redfin.com/photo/45/islphoto/332/genIslnoResize.SR25088332_0.jpg,34.1292059,-118.3587933
7114666,3595000.0,"2415 Castilian Dr, Los Angeles, CA 90068",5.0,6.0,3519,https://www.redfin.com/CA/Los-Angeles/2415-Castilian-Dr-90068/home/7114666,https://ssl.cdn-redfin.com/photo/40/islphoto/013/genIslnoResize.25550013_2.jpg,34.1141464,-118.3435468
7128627,1539000.0,"3374 Floyd, Los Angeles, CA 90068",3.0,2.0,1539,https://www.redfin.com/CA/Los-Angeles/3374-Floyd-Ter-90068/home/7128627,https://ssl.cdn-redfin.com/photo/45/islphoto/652/genIslnoResize.SR25120652_2.jpg,34.1329576,-118.3447204
7129467,1699000.0,"5919 Tuxedo Ter, Los Angeles, CA 90068",2.0,2.0,1969,https://www.redfin.com/CA/Los-Angeles/5919-Tuxedo-Ter-90068/home/7129467,https://ssl.cdn-redfin.com/photo/40/islphoto/813/genIslnoResize.25549813_6.jpg,34.1152044,-118.3168496
7114884,1998000.0,"1954 Pinehurst Rd, Los Angeles, CA 90068",3.0,2.0,2363,https://www.redfin.com/CA/Los-Angeles/1954-Pinehurst-Rd-90068/home/7114884,https://ssl.cdn-redfin.com/photo/40/islphoto/637/genIslnoResize.25546637_4.jpg,34.1062298,-118.3403491
7127360,585000.0,"1940 N Highland Ave #2, Los Angeles, CA 90068",2.0,2.0,1220,https://www.redfin.com/CA/Los-Angeles/1940-N-Highland-Ave-90068/unit-2/home/7127360,https://ssl.cdn-redfin.com/photo/45/islphoto/089/genIslnoResize.SR25126089_0.jpg,34.10648,-118.3368355
7129048,2849000.0,"3300 N Knoll Dr, Los Angeles, CA 90068",4.0,3.0,3558,https://www.redfin.com/CA/Los-Angeles/3300-N-Knoll-Dr-90068/home/7129048,https://ssl.cdn-redfin.com/photo/40/islphoto/577/genIslnoResize.25548577_4.jpg,34.1291396,-118.3430533
7127480,895000.0,"2260 N Cahuenga Blvd #307, Los Angeles, CA 90068",2.0,3.0,1768,https://www.redfin.com/CA/Los-Angeles/2260-N-Cahuenga-Blvd-90068/unit-307/home/7127480,https://ssl.cdn-redfin.com/photo/40/islphoto/375/genIslnoResize.25547375_0.jpg,34.1115062,-118.3329975
7128875,2695000.0,"3479 Wonder View Dr, Los Angeles, CA 90068",4.0,3.0,2705,https://www.redfin.com/CA/Los-Angeles/3479-Wonder-View-Dr-90068/home/7128875,https://ssl.cdn-redfin.com/photo/40/islphoto/401/genIslnoResize.25546401_0.jpg,34.1314293,-118.3387387
7126663,8499000.0,"2511 Carman Crest Dr, Los Angeles, CA 90068",5.0,6.0,4960,https://www.redfin.com/CA/Los-Angeles/2511-Carman-Crest-Dr-90068/home/7126663,https://ssl.cdn-redfin.com/photo/40/islphoto/139/genIslnoResize.25538139_0.jpg,34.1147414,-118.3474961
77510960,13999000.0,"7100 La Presa Dr, Los Angeles, CA 90068",6.0,7.0,8385,https://www.redfin.com/CA/Los-Angeles/7100-La-Presa-Dr-90068/home/77510960,https://ssl.cdn-redfin.com/photo/40/islphoto/519/genIslnoResize.25544519_0.jpg,34.1078357,-118.3429198
5310704,2895000.0,"3701 Multiview Dr, Los Angeles, CA 90068",6.0,6.0,4121,https://www.redfin.com/CA/Los-Angeles/3701-Multiview-Dr-90068/home/5310704,https://ssl.cdn-redfin.com/photo/40/islphoto/645/genIslnoResize.25546645_0.jpg,34.132563,-118.3604736
7126616,3750000.0,"2660 Carman Crest Dr, Los Angeles, CA 90068",5.0,5.0,4190,https://www.redfin.com/CA/Los-Angeles/2660-Carman-Crest-Dr-90068/home/7126616,https://ssl.cdn-redfin.com/photo/40/islphoto/313/genIslnoResize.25542313_1.jpg,34.1175196,-118.3489723
7126649,2695000.0,"2500 Carman Crest Dr, Los Angeles, CA 90068",3.0,3.0,2386,https://www.redfin.com/CA/Los-Angeles/2500-Carman-Crest-Dr-90068/home/7126649,https://ssl.cdn-redfin.com/photo/40/islphoto/235/genIslnoResize.25543235_2.jpg,34.1149855,-118.3471093
7129935,1595000.0,"3102 Durand Dr, Los Angeles, CA 90068",3.0,2.0,2043,https://www.redfin.com/CA/Los-Angeles/3102-Durand-Dr-90068/home/7129935,https://ssl.cdn-redfin.com/photo/45/islphoto/462/genIslnoResize.PW25093462_5.jpg,34.1256561,-118.323396
7130848,2049000.0,"2261 Vasanta Way, Los Angeles, CA 90068",3.0,3.0,2654,https://www.redfin.com/CA/Los-Angeles/2261-Vasanta-Way-90068/home/7130848,https://ssl.cdn-redfin.com/photo/40/islphoto/387/genIslnoResize.25545387_4.jpg,34.1118571,-118.323397
7131751,1895000.0,"5675 Spreading Oak Dr, Los Angeles, CA 90068",3.0,2.0,1999,https://www.redfin.com/CA/Los-Angeles/5675-Spreading-Oak-Dr-90068/home/7131751,https://ssl.cdn-redfin.com/photo/40/islphoto/681/genIslnoResize.25518681_0.jpg,34.1138968,-118.3145725
7114808,4695000.0,"7064 La Presa Dr, Los Angeles, CA 90068",4.0,4.0,4198,https://www.redfin.com/CA/Los-Angeles/7064-La-Presa-Dr-90068/home/7114808,https://ssl.cdn-redfin.com/photo/40/islphoto/783/genIslnoResize.25544783_0.jpg,34.1086096,-118.3424004
7128219,620000.0,"2700 Cahuenga Blvd #4107, Los Angeles, CA 90068",2.0,2.0,1002,https://www.redfin.com/CA/Los-Angeles/2700-Cahuenga-Blvd-E-90068/unit-4107/home/7128219,https://ssl.cdn-redfin.com/photo/40/islphoto/559/genIslnoResize.25544559_0.jpg,34.1186309,-118.3368348
7126720,3495000.0,"2055 Outpost Dr, Los Angeles, CA 90068",4.0,4.0,3301,https://www.redfin.com/CA/Los-Angeles/2055-Outpost-Dr-90068/home/7126720,https://ssl.cdn-redfin.com/photo/40/islphoto/479/genIslnoResize.25543479_9.jpg,34.1075461,-118.3458981
189546085,1300000.0,"3649 Regal Pl #203, Los Angeles, CA 90068",2.0,2.0,1630,https://www.redfin.com/CA/Los-Angeles/3649-Regal-Pl-90068/unit-203/home/189546085,https://ssl.cdn-redfin.com/photo/40/islphoto/393/genIslnoResize.25543393_0.jpg,34.1342348,-118.3620943
7131316,799000.0,"5920 Chula Vista Way, Los Angeles, CA 90068",2.0,3.0,1067,https://www.redfin.com/CA/Los-Angeles/5920-Chula-Vista-Way-90068/home/7131316,https://ssl.cdn-redfin.com/photo/40/islphoto/947/genIslnoResize.25542947_6.jpg,34.1072566,-118.3187301
7127963,1500000.0,"2042 Holly Dr, Los Angeles, CA 90068",5.0,4.0,3082,https://www.redfin.com/CA/Los-Angeles/2042-Holly-Dr-90068/home/7127963,https://ssl.cdn-redfin.com/photo/45/islphoto/928/genIslnoResize.SR25110928_1.jpg,34.1087309,-118.3294862
187969946,1199000.0,"1746 Garfield Pl #203, Los Angeles, CA 90028",3.0,2.0,1646,https://www.redfin.com/CA/Los-Angeles/1746-Garfield-Pl-90028/unit-203/home/187969946,https://ssl.cdn-redfin.com/photo/45/islphoto/597/genIslnoResize.SR25112597_0.jpg,34.1031303,-118.3104432
187966181,969000.0,"1746 Garfield Pl #101, Los Angeles, CA 90028",2.0,2.0,1520,https://www.redfin.com/CA/Los-Angeles/1746-Garfield-Pl-90028/unit-101/home/187966181,https://ssl.cdn-redfin.com/photo/45/islphoto/675/genIslnoResize.SR25111675_0.jpg,34.1031303,-118.3104432
7131335,880000.0,"1957 N Bronson Ave #112, Los Angeles, CA 90068",2.0,3.0,1410,https://www.redfin.com/CA/Los-Angeles/1957-N-Bronson-Ave-90068/unit-112/home/7131335,https://ssl.cdn-redfin.com/photo/40/islphoto/069/genIslnoResize.25542069_3.jpg,34.1069136,-118.3182771
7129373,2449000.0,"2643 Hollyridge Dr, Los Angeles, CA 90068",3.0,3.0,2298,https://www.redfin.com/CA/Los-Angeles/2643-Hollyridge-Dr-90068/home/7129373,https://ssl.cdn-redfin.com/photo/40/islphoto/083/genIslnoResize.25538083_0.jpg,34.114211,-118.3191162
7127382,499000.0,"1940 N Highland Ave #25, Los Angeles, CA 90068",2.0,2.0,980,https://www.redfin.com/CA/Los-Angeles/1940-N-Highland-Ave-90068/unit-25/home/7127382,https://ssl.cdn-redfin.com/photo/45/islphoto/938/genIslnoResize.SR25092938_1.jpg,34.10648,-118.3368355
7126653,1595000.0,"2422 Carman Crest Dr, Los Angeles, CA 90068",3.0,2.0,2127,https://www.redfin.com/CA/Los-Angeles/2422-Carman-Crest-Dr-90068/home/7126653,https://ssl.cdn-redfin.com/photo/40/islphoto/597/genIslnoResize.25539597_0.jpg,34.1147203,-118.3461387
7126982,2649000.0,"7229 Senalda Rd, Los Angeles, CA 90068",3.0,3.0,2337,https://www.redfin.com/CA/Los-Angeles/7229-Senalda-Rd-90068/home/7126982,https://ssl.cdn-redfin.com/photo/40/islphoto/209/genIslnoResize.25539209_0.jpg,34.1165401,-118.3476853
195155209,1145000.0,"7315 W Pyramid Pl, Los Angeles, CA 90046",4.0,7.0,3765,https://www.redfin.com/CA/Los-Angeles/7315-Pyramid-Pl-90046/home/195155209,https://ssl.cdn-redfin.com/photo/40/islphoto/207/genIslnoResize.25539207_0.jpg,34.12042,-118.35235
22123708,2479000.0,"2995 Belden Dr, Los Angeles, CA 90068",4.0,3.0,4106,https://www.redfin.com/CA/Los-Angeles/2995-Belden-Dr-90068/home/22123708,https://ssl.cdn-redfin.com/photo/45/islphoto/903/genIslnoResize.SR25105903_0.jpg,34.1234756,-118.3220679
5314821,1225000.0,"3217 Bennett Dr, Los Angeles, CA 90068",2.0,1.0,1112,https://www.redfin.com/CA/Los-Angeles/3217-Bennett-Dr-90068/home/5314821,https://ssl.cdn-redfin.com/photo/40/islphoto/255/genIslnoResize.25538255_5.jpg,34.1271021,-118.3466975
5312373,2599000.0,"7470 Woodrow Wilson Dr, Los Angeles, CA 90046",4.0,4.0,3434,https://www.redfin.com/CA/Los-Angeles/7470-Woodrow-Wilson-Dr-90046/home/5312373,https://ssl.cdn-redfin.com/photo/40/islphoto/629/genIslnoResize.25537629_3.jpg,34.1244155,-118.3581795
79040640,3995000.0,"3314 Wonder View Dr, Los Angeles, CA 90068",4.0,4.0,3231,https://www.redfin.com/CA/Los-Angeles/3314-Wonder-View-Dr-90068/home/79040640,https://ssl.cdn-redfin.com/photo/40/islphoto/947/genIslnoResize.25535947_1.jpg,34.128801,-118.3405221
7127042,1195000.0,"1945 Holly Dr, Los Angeles, CA 90068",4.0,3.0,2277,https://www.redfin.com/CA/Los-Angeles/1945-Holly-Dr-90068/home/7127042,https://ssl.cdn-redfin.com/photo/40/islphoto/771/genIslnoResize.25522771_0.jpg,34.1065785,-118.3299595
7128704,2299000.0,"3319 Charleston Way, Los Angeles, CA 90068",4.0,4.0,3165,https://www.redfin.com/CA/Los-Angeles/3319-Charleston-Way-90068/home/7128704,https://ssl.cdn-redfin.com/photo/40/islphoto/663/genIslnoResize.25536663_0.jpg,34.1323168,-118.3469673
5313396,2500000.0,"7349 Pacific View Dr, Los Angeles, CA 90068",4.0,2.0,2295,https://www.redfin.com/CA/Los-Angeles/7349-Pacific-View-Dr-90068/home/5313396,https://ssl.cdn-redfin.com/photo/40/islphoto/425/genIslnoResize.25536425_6.jpg,34.121503,-118.3532696
5313936,1250000.0,"6933 Vanland Trl, Los Angeles, CA 90068",3.0,2.0,1460,https://www.redfin.com/CA/Los-Angeles/6933-Vanland-Trl-90068/home/5313936,https://ssl.cdn-redfin.com/photo/40/islphoto/755/genIslnoResize.25535755_A.jpg,34.122006,-118.3453045
7129102,1798888.0,"3261 N Knoll Dr, Los Angeles, CA 90068",4.0,3.0,2100,https://www.redfin.com/CA/Los-Angeles/3261-N-Knoll-Dr-90068/home/7129102,https://ssl.cdn-redfin.com/photo/40/islphoto/417/genIslnoResize.25533417_1.jpg,34.12736,-118.3430188
7127804,2495000.0,"2280 Holly Dr, Los Angeles, CA 90068",4.0,4.0,2994,https://www.redfin.com/CA/Los-Angeles/2280-Holly-Dr-90068/home/7127804,https://ssl.cdn-redfin.com/photo/40/islphoto/327/genIslnoResize.25535327_0.jpg,34.1124158,-118.3306217
183827653,1685000.0,"6325 Primrose Ave, Los Angeles, CA 90068",3.0,3.0,2169,https://www.redfin.com/CA/Los-Angeles/6325-Primrose-Ave-90068/home/183827653,https://ssl.cdn-redfin.com/photo/40/islphoto/449/genIslnoResize.25534449_1.jpg,34.110231,-118.327656
7130319,2345000.0,"2860 Hollyridge Dr, Los Angeles, CA 90068",3.0,2.0,1813,https://www.redfin.com/CA/Los-Angeles/2860-Hollyridge-Dr-90068/home/7130319,https://ssl.cdn-redfin.com/photo/40/islphoto/535/genIslnoResize.25532535_2.jpg,34.1209651,-118.3188347
21926857,2245000.0,"3087 Passmore Dr, Los Angeles, CA 90068",4.0,4.0,3049,https://www.redfin.com/CA/Los-Angeles/3087-Passmore-Dr-90068/home/21926857,https://ssl.cdn-redfin.com/photo/40/islphoto/925/genIslnoResize.25532925_0.jpg,34.1272078,-118.3539398
7132119,2300000.0,"1900 Taft Ave, Los Angeles, CA 90068",5.0,5.0,3026,https://www.redfin.com/CA/Los-Angeles/1900-Taft-Ave-90068/home/7132119,https://ssl.cdn-redfin.com/photo/45/islphoto/009/genIslnoResize.P1-22009_0.jpg,34.1054668,-118.3144922
7130568,1695000.0,"2506 Rinconia Dr, Los Angeles, CA 90068",3.0,2.0,1737,https://www.redfin.com/CA/Los-Angeles/2506-Rinconia-Dr-90068/home/7130568,https://ssl.cdn-redfin.com/photo/40/islphoto/389/genIslnoResize.25532389_0.jpg,34.1148167,-118.3252957
7128037,629000.0,"3480 Barham Blvd #105, Los Angeles, CA 90068",2.0,2.0,1129,https://www.redfin.com/CA/Los-Angeles/3480-Barham-Blvd-90068/unit-105/home/7128037,https://ssl.cdn-redfin.com/photo/40/islphoto/299/genIslnoResize.25532299_0.jpg,34.135386,-118.3418345
7128852,1795000.0,"3074 Lake Hollywood Dr, Los Angeles, CA 90068",4.0,2.0,1903,https://www.redfin.com/CA/Los-Angeles/3074-Lake-Hollywood-Dr-90068/home/7128852,https://ssl.cdn-redfin.com/photo/40/islphoto/021/genIslnoResize.25532021_1.jpg,34.132603,-118.3395915
8117376,1659900.0,"3907 Fredonia Dr, Los Angeles, CA 90068",4.0,3.0,2874,https://www.redfin.com/CA/Los-Angeles/3907-Fredonia-Dr-90068/home/8117376,https://ssl.cdn-redfin.com/photo/45/islphoto/209/genIslnoResize.TR25095209_0.jpg,34.1350439,-118.3632715
7131982,6375000.0,"5751 Valley Oak Dr, Los Angeles, CA 90068",5.0,5.0,4185,https://www.redfin.com/CA/Los-Angeles/5751-Valley-Oak-Dr-90068/home/7131982,https://ssl.cdn-redfin.com/photo/40/islphoto/565/genIslnoResize.25531565_3.jpg,34.1098438,-118.3147612
7114950,2695000.0,"2002 Hillcrest Rd, Los Angeles, CA 90068",3.0,3.0,2116,https://www.redfin.com/CA/Los-Angeles/2002-Hillcrest-Rd-90068/home/7114950,https://ssl.cdn-redfin.com/photo/40/islphoto/731/genIslnoResize.25531731_F.jpg,34.1070915,-118.3402436
5253353,1795000.0,"3935 Kentucky Dr, Los Angeles, CA 90068",3.0,4.0,2300,https://www.redfin.com/CA/Los-Angeles/3935-Kentucky-Dr-90068/home/5253353,https://ssl.cdn-redfin.com/photo/45/islphoto/957/genIslnoResize.SR25092957_1.jpg,34.1358007,-118.3637918
7127468,399000.0,"2260 N Cahuenga Blvd #203, Los Angeles, CA 90068",1.0,1.0,853,https://www.redfin.com/CA/Los-Angeles/2260-N-Cahuenga-Blvd-90068/unit-203/home/7127468,https://ssl.cdn-redfin.com/photo/40/islphoto/747/genIslnoResize.25515747_6.jpg,34.1115062,-118.3329975
79040846,1295000.0,"6760 W Gill Way, Los Angeles, CA 90068",3.0,4.0,1859,https://www.redfin.com/CA/Los-Angeles/6760-Gill-Way-90068/home/79040846,https://ssl.cdn-redfin.com/photo/40/islphoto/949/genIslnoResize.25529949_0.jpg,34.1193864,-118.3409213
5311515,1799000.0,"3820 Broadlawn Dr, Los Angeles, CA 90068",4.0,3.0,2629,https://www.redfin.com/CA/Los-Angeles/3820-Broadlawn-Dr-90068/home/5311515,https://ssl.cdn-redfin.com/photo/40/islphoto/493/genIslnoResize.25529493_2.jpg,34.1313283,-118.3573058
17242271,679000.0,"1929 Tamarind Ave #12, Los Angeles, CA 90068",2.0,1.0,840,https://www.redfin.com/CA/Los-Angeles/1929-Tamarind-Ave-90068/unit-12/home/17242271,https://ssl.cdn-redfin.com/photo/40/islphoto/753/genIslnoResize.25528753_3.jpg,34.1061472,-118.3196036
7130315,2199000.0,"2832 Hollyridge Dr, Los Angeles, CA 90068",4.0,3.0,2334,https://www.redfin.com/CA/Los-Angeles/2832-Hollyridge-Dr-90068/home/7130315,https://ssl.cdn-redfin.com/photo/40/islphoto/595/genIslnoResize.25528595_0.jpg,34.120162,-118.3188209
146262192,1297000.0,"2111 N Cahuenga Blvd #1, Los Angeles, CA 90068",3.0,3.0,1708,https://www.redfin.com/CA/Los-Angeles/2111-N-Cahuenga-Blvd-90068/unit-1/home/146262192,https://ssl.cdn-redfin.com/photo/40/islphoto/985/genIslnoResize.25525985_1.jpg,34.1091256,-118.331414
7130577,2649000.0,"6201 Quebec Dr, Los Angeles, CA 90068",3.0,4.0,3584,https://www.redfin.com/CA/Los-Angeles/6201-Quebec-Dr-90068/home/7130577,https://ssl.cdn-redfin.com/photo/40/islphoto/807/genIslnoResize.25505807_0.jpg,34.1141471,-118.3251225
8148113,2475000.0,"6930 Woodrow Wilson Dr, Los Angeles, CA 90068",4.0,4.0,2907,https://www.redfin.com/CA/Los-Angeles/6930-Woodrow-Wilson-Dr-90068/home/8148113,https://ssl.cdn-redfin.com/photo/40/islphoto/051/genIslnoResize.25526051_0.jpg,34.1248565,-118.3460229
7128026,3995000.0,"3595 Wonder View Dr, Los Angeles, CA 90068",5.0,5.0,5254,https://www.redfin.com/CA/Los-Angeles/3595-Wonder-View-Dr-90068/home/7128026,https://ssl.cdn-redfin.com/photo/40/islphoto/649/genIslnoResize.25526649_0.jpg,34.1333464,-118.3364303
7130235,2850000.0,"2820 Westshire Dr, Los Angeles, CA 90068",4.0,4.0,3642,https://www.redfin.com/CA/Los-Angeles/2820-Westshire-Dr-90068/home/7130235,https://ssl.cdn-redfin.com/photo/40/islphoto/731/genIslnoResize.25525731_1.jpg,34.1217347,-118.3203499
7127386,569000.0,"1940 N Highland Ave #29, Los Angeles, CA 90068",2.0,2.0,987,https://www.redfin.com/CA/Los-Angeles/1940-N-Highland-Ave-90068/unit-29/home/7127386,https://ssl.cdn-redfin.com/photo/40/islphoto/801/genIslnoResize.25523801_3.jpg,34.10648,-118.3368355
7128820,1150000.0,3384 Barham Blvd,3.0,3.0,1800,https://www.redfin.com/CA/Los-Angeles/3384-Barham-Blvd-90068/home/7128820,https://ssl.cdn-redfin.com/photo/272/islphoto/883/genIslnoResize.225001883_1.jpg,34.132748,-118.343802
7114695,12995000.0,"2321 Castillian Dr, Los Angeles, CA 90068",5.0,6.0,9000,https://www.redfin.com/CA/Los-Angeles/2321-Castilian-Dr-90068/home/7114695,https://ssl.cdn-redfin.com/photo/45/islphoto/381/genIslnoResize.SR25078381_0.jpg,34.1124793,-118.3436107
7114793,4695000.0,"7020 La Presa Dr, Los Angeles, CA 90068",4.0,4.0,4558,https://www.redfin.com/CA/Los-Angeles/7020-La-Presa-Dr-90068/home/7114793,https://ssl.cdn-redfin.com/photo/40/islphoto/539/genIslnoResize.25523539_5.jpg,34.109073,-118.3413432
22397077,17888000.0,"7305 Pyramid Pl, Los Angeles, CA 90046",7.0,8.0,9200,https://www.redfin.com/CA/Los-Angeles/7305-Pyramid-Pl-90046/home/22397077,https://ssl.cdn-redfin.com/photo/40/islphoto/203/genIslnoResize.25513203_3.jpg,34.1201793,-118.3518978
7132068,2150000.0,"1966 N Van Ness Ave, Los Angeles, CA 90068",4.0,3.0,2818,https://www.redfin.com/CA/Los-Angeles/1966-N-Van-Ness-Ave-90068/home/7132068,https://ssl.cdn-redfin.com/photo/40/islphoto/133/genIslnoResize.25518133_G.jpg,34.10712,-118.3155709
7132131,2687000.0,"1926 N Wilton Pl, Los Angeles, CA 90068",3.0,3.0,2200,https://www.redfin.com/CA/Los-Angeles/1926-N-Wilton-Pl-90068/home/7132131,https://ssl.cdn-redfin.com/photo/40/islphoto/009/genIslnoResize.25521009_1.jpg,34.1062871,-118.3134215
7127757,2797000.0,"6334 Bryn Mawr Dr, Los Angeles, CA 90068",4.0,4.0,3024,https://www.redfin.com/CA/Los-Angeles/6334-Bryn-Mawr-Dr-90068/home/7127757,https://ssl.cdn-redfin.com/photo/45/islphoto/927/genIslnoResize.SR25069927_4.jpg,34.1129988,-118.3273144
5312664,1199000.0,"3112 Goodview Trl, Los Angeles, CA 90068",1.0,1.0,162,https://www.redfin.com/CA/Los-Angeles/3112-Goodview-Trl-90068/home/5312664,https://ssl.cdn-redfin.com/photo/45/islphoto/220/genIslnoResize.SR25067220_2.jpg,34.1246659,-118.3487891
5312645,1250000.0,"3124 Goodview Trl, Los Angeles, CA 90068",1.0,1.0,695,https://www.redfin.com/CA/Los-Angeles/3124-Goodview-Trl-90068/home/5312645,https://ssl.cdn-redfin.com/photo/45/islphoto/326/genIslnoResize.SR25067326_2.jpg,34.1248024,-118.3492371
5312646,1199000.0,"3118 Goodview Trl, Los Angeles, CA 90068",1.0,1.0,736,https://www.redfin.com/CA/Los-Angeles/3118-Goodview-Trl-90068/home/5312646,https://ssl.cdn-redfin.com/photo/45/islphoto/291/genIslnoResize.SR25067291_2.jpg,34.1246769,-118.3489523
5313964,1750000.0,"6894 Pacific View Dr, Los Angeles, CA 90068",3.0,3.0,2402,https://www.redfin.com/CA/Los-Angeles/6894-Pacific-View-Dr-90068/home/5313964,https://ssl.cdn-redfin.com/photo/40/islphoto/215/genIslnoResize.25516215_8.jpg,34.1218963,-118.3457148
7128968,2749000.0,"3345 Wonder View Dr, Los Angeles, CA 90068",3.0,4.0,3002,https://www.redfin.com/CA/Los-Angeles/3345-Wonder-View-Dr-90068/home/7128968,https://ssl.cdn-redfin.com/photo/40/islphoto/035/genIslnoResize.25513035_G.jpg,34.129289,-118.3410742
17139367,899995.0,"6253 Hollywood Blvd #402, Los Angeles, CA 90028",2.0,2.0,1305,https://www.redfin.com/CA/Los-Angeles/6253-Hollywood-Blvd-90028/unit-402/home/17139367,https://ssl.cdn-redfin.com/photo/40/islphoto/377/genIslnoResize.25516377_4.jpg,34.1017763,-118.3262794
5315109,2098000.0,"6907 Treasure Trl, Hollywood Hills, CA 90068",4.0,5.0,3982,https://www.redfin.com/CA/Los-Angeles/6907-Treasure-Trl-90068/home/5315109,https://ssl.cdn-redfin.com/photo/45/islphoto/872/genIslnoResize.SR25060872_D.jpg,34.1245327,-118.3453802
12278792,2485000.0,"2625 Hargrave Dr, Los Angeles, CA 90068",4.0,4.0,3946,https://www.redfin.com/CA/Los-Angeles/2625-Hargrave-Dr-90068/home/12278792,https://ssl.cdn-redfin.com/photo/40/islphoto/129/genIslnoResize.25512129_6.jpg,34.1165476,-118.3246541
7114431,619000.0,"6702 Hillpark Dr #308, Los Angeles, CA 90068",2.0,2.0,1158,https://www.redfin.com/CA/Los-Angeles/6702-Hillpark-Dr-90068/unit-308/home/7114431,https://ssl.cdn-redfin.com/photo/40/islphoto/229/genIslnoResize.25502229_1.jpg,34.1177405,-118.3391102
7127432,849000.0,"1940 N Highland Ave #75, Los Angeles, CA 90068",3.0,2.0,1900,https://www.redfin.com/CA/Los-Angeles/1940-N-Highland-Ave-90068/unit-75/home/7127432,https://ssl.cdn-redfin.com/photo/40/islphoto/383/genIslnoResize.25507383_7.jpg,34.10648,-118.3368355
143367520,2949000.0,"3437 Troy Dr, Los Angeles, CA 90068",4.0,3.0,2786,https://www.redfin.com/CA/Los-Angeles/3437-Troy-Dr-90068/home/143367520,https://ssl.cdn-redfin.com/photo/40/islphoto/927/genIslnoResize.25508927_5.jpg,34.1354688,-118.3441561
5310379,889000.0,"3880 Fredonia Dr Unit D, Los Angeles, CA 90068",2.0,2.0,1511,https://www.redfin.com/CA/Los-Angeles/3880-Fredonia-Dr-90068/unit-D/home/5310379,https://ssl.cdn-redfin.com/photo/45/islphoto/265/genIslnoResize.SR25034265_2.jpg,34.134942,-118.362343
7127119,2200000.0,"2001 Holly Hill Ter, Los Angeles, CA 90068",4.0,4.0,4241,https://www.redfin.com/CA/Los-Angeles/2001-Holly-Hill-Ter-90068/home/7127119,https://ssl.cdn-redfin.com/photo/40/islphoto/719/genIslnoResize.25505719_5.jpg,34.1071305,-118.3324771
194953116,1600000.0,"3649 Regal Pl #201, Los Angeles, CA 90068",3.0,3.0,2036,https://www.redfin.com/CA/Los-Angeles/3649-Regal-Pl-90068/unit-201/home/194953116,https://ssl.cdn-redfin.com/photo/40/islphoto/495/genIslnoResize.25507495_2.jpg,34.1342348,-118.3620943
7131845,9800000.0,"5630 Valley Oak Dr, Los Angeles, CA 90068",4.0,5.0,8244,https://www.redfin.com/CA/Los-Angeles/5630-Valley-Oak-Dr-90068/home/7131845,https://ssl.cdn-redfin.com/photo/40/islphoto/853/genIslnoResize.25495853_1.jpg,34.1110555,-118.3121501
189470912,1300000.0,"3649 Regal Pl #102, Los Angeles, CA 90068",3.0,2.0,1640,https://www.redfin.com/CA/Los-Angeles/3649-Regal-Pl-90068/unit-102/home/189470912,https://ssl.cdn-redfin.com/photo/40/islphoto/877/genIslnoResize.25498877_1.jpg,34.1342348,-118.3620943
22861436,2295000.0,"6420 Quebec Dr, Los Angeles, CA 90068",4.0,3.0,2824,https://www.redfin.com/CA/Los-Angeles/6420-Quebec-Dr-90068/home/22861436,https://ssl.cdn-redfin.com/photo/40/islphoto/879/genIslnoResize.25495879_6.jpg,34.1131919,-118.3289129
7132175,3625000.0,"5667 Tryon Rd, Los Angeles, CA 90068",4.0,4.0,3976,https://www.redfin.com/CA/Los-Angeles/5667-Tryon-Rd-90068/home/7132175,https://ssl.cdn-redfin.com/photo/40/islphoto/609/genIslnoResize.25494609_4.jpg,34.107879,-118.3112983
5314954,1400000.0,"3131 & 3135 Oakcrest Dr, Los Angeles, CA 90068",6.0,4.0,4392,https://www.redfin.com/CA/Los-Angeles/3131-Oakcrest-Dr-90068/home/5314954,https://ssl.cdn-redfin.com/photo/40/islphoto/539/genIslnoResize.25-487539_2.jpg,34.1258427,-118.3465829
23226643,7250000.0,"7080 Mulholland Dr, Los Angeles, CA 90068",4.0,5.0,5600,https://www.redfin.com/CA/Los-Angeles/7080-Mulholland-Dr-90068/home/23226643,https://ssl.cdn-redfin.com/photo/40/islphoto/135/genIslnoResize.25491135_1.jpg,34.1166267,-118.3440739
7129776,4387000.0,"5637 Park Oak Pl, Los Angeles, CA 90068",5.0,4.0,3992,https://www.redfin.com/CA/Los-Angeles/5637-Park-Oak-Pl-90068/home/7129776,https://ssl.cdn-redfin.com/photo/40/islphoto/069/genIslnoResize.25491069_7.jpg,34.1173386,-118.3123373
51585562,1349000.0,"3450 Cahuenga Blvd #410, Los Angeles, CA 90068",2.0,2.0,2360,https://www.redfin.com/CA/Los-Angeles/3450-Cahuenga-Blvd-W-90068/unit-410/home/51585562,https://ssl.cdn-redfin.com/photo/40/islphoto/879/genIslnoResize.25-486879_1.jpg,34.1327368,-118.3535227
5310475,1199000.0,"3754 Fredonia Dr, Los Angeles, CA 90068",3.0,2.0,1476,https://www.redfin.com/CA/Los-Angeles/3754-Fredonia-Dr-90068/home/5310475,https://ssl.cdn-redfin.com/photo/40/islphoto/677/genIslnoResize.25-484677_2.jpg,34.1332737,-118.363528
7129097,2700000.0,"3203 Tareco Dr, Los Angeles, CA 90068",4.0,3.0,2712,https://www.redfin.com/CA/Los-Angeles/3203-Tareco-Dr-90068/home/7129097,https://ssl.cdn-redfin.com/photo/40/islphoto/111/genIslnoResize.25-481111_2.jpg,34.1253375,-118.342234
194151089,1950000.0,"3649 Regal Pl #302, Los Angeles, CA 90068",3.0,3.0,2243,https://www.redfin.com/CA/Los-Angeles/3649-Regal-Pl-90068/unit-302/home/194151089,https://ssl.cdn-redfin.com/photo/40/islphoto/163/genIslnoResize.25-478163_1.jpg,34.1342348,-118.3620943
22233236,6450000.0,"3716 Multiview Dr, Los Angeles, CA 90068",5.0,6.0,5536,https://www.redfin.com/CA/Los-Angeles/3716-Multiview-Dr-90068/home/22233236,https://ssl.cdn-redfin.com/photo/40/islphoto/763/genIslnoResize.24-472763_4.jpg,34.1323784,-118.3600724
7130975,1449000.0,"2049 Argyle Ave, Los Angeles, CA 90068",4.0,3.0,2343,https://www.redfin.com/CA/Los-Angeles/2049-Argyle-Ave-90068/home/7130975,https://ssl.cdn-redfin.com/photo/45/islphoto/719/genIslnoResize.GD24242719_9.jpg,34.1083583,-118.325575
7127401,845000.0,"1940 N Highland Ave #44, Los Angeles, CA 90068",2.0,2.0,1478,https://www.redfin.com/CA/Los-Angeles/1940-N-Highland-Ave-90068/unit-44/home/7127401,https://ssl.cdn-redfin.com/photo/40/islphoto/501/genIslnoResize.24-474501_1.jpg,34.10648,-118.3368355
22865343,3700000.0,"2635 Hargrave Dr, Los Angeles, CA 90068",4.0,4.0,3100,https://www.redfin.com/CA/Los-Angeles/2635-Hargrave-Dr-90068/home/22865343,https://ssl.cdn-redfin.com/photo/258/islphoto/059/genIslnoResize.219120059_0.jpg,34.1167026,-118.3248748
7129922,1549000.0,"6240 Mulholland Hwy, Los Angeles, CA 90068",3.0,3.0,2013,https://www.redfin.com/CA/Los-Angeles/6240-Mulholland-Hwy-90068/home/7129922,https://ssl.cdn-redfin.com/photo/40/islphoto/265/genIslnoResize.24-464265_2.jpg,34.1283822,-118.3234902
7112093,1670000.0,"5648 Franklin Ave, Los Feliz, CA 90028",4.0,4.0,4624,https://www.redfin.com/CA/Los-Angeles/5648-Franklin-Ave-90028/home/7112093,https://ssl.cdn-redfin.com/photo/45/islphoto/554/genIslnoResize.BB24232554_H.jpg,34.1051191,-118.3124939
7129157,1700000.0,"3107 Hollycrest Dr, Los Angeles, CA 90068",4.0,4.0,2692,https://www.redfin.com/CA/Los-Angeles/3107-Hollycrest-Dr-90068/home/7129157,https://ssl.cdn-redfin.com/photo/45/islphoto/576/genIslnoResize.WS24211576_4.jpg,34.1278086,-118.344972
7131906,1699000.0,"5545 Tuxedo, Los Angeles, CA 90068",3.0,2.0,2096,https://www.redfin.com/CA/Los-Angeles/5545-Tuxedo-Ter-90068/home/7131906,https://ssl.cdn-redfin.com/photo/45/islphoto/012/genIslnoResize.DW24204012_L.jpg,34.1129097,-118.3142343
17138915,490000.0,"6253 Hollywood Blvd #309, Los Angeles, CA 90028",1.0,1.0,850,https://www.redfin.com/CA/Los-Angeles/6253-Hollywood-Blvd-90028/unit-309/home/17138915,https://ssl.cdn-redfin.com/photo/45/islphoto/378/genIslnoResize.BB24182378_C.jpg,34.1017763,-118.3262794
7130448,8882000.0,"2630 Creston Dr, Los Angeles, CA 90068",3.0,2.0,1786,https://www.redfin.com/CA/Los-Angeles/2630-Creston-Dr-90068/home/7130448,https://ssl.cdn-redfin.com/photo/40/islphoto/885/genIslnoResize.24-377885_2.jpg,34.116762,-118.323914
