Listing ID,Price,Address,Beds,Baths,SqFt,Link,Image URL,Latitude,Longitude,Date
7131831,"$1,547,000","2252 Verde Oak Dr, Los Angeles, CA 90068",2 beds,2 baths,"1,552",https://www.redfin.com/CA/Los-Angeles/2252-Verde-Oak-Dr-90068/home/7131831,https://ssl.cdn-redfin.com/photo/45/islphoto/623/genIslnoResize.DW25187623_0.jpg,34.1110294,-118.3115115,2025-08-20
7114666,"$3,495,000","2415 Castilian Dr, Los Angeles, CA 90068",5 beds,6 baths,"3,519",https://www.redfin.com/CA/Los-Angeles/2415-Castilian-Dr-90068/home/7114666,https://ssl.cdn-redfin.com/photo/40/islphoto/067/genIslnoResize.25580067_0.jpg,34.1141464,-118.3435468,2025-08-20
7129908,"$2,195,000","3204 N Beachwood Dr, Los Angeles, CA 90068",3 beds,3.5 baths,"2,256",https://www.redfin.com/CA/Los-Angeles/3204-N-Beachwood-Dr-90068/home/7129908,https://ssl.cdn-redfin.com/photo/40/islphoto/971/genIslnoResize.25578971_0.jpg,34.1278112,-118.3163143,2025-08-20
7127453,"$1,990,000","6626 Cahuenga Ter, Los Angeles, CA 90068",3 beds,2 baths,"2,140",https://www.redfin.com/CA/Los-Angeles/6626-Cahuenga-Ter-90068/home/7127453,https://ssl.cdn-redfin.com/photo/40/islphoto/777/genIslnoResize.25577777_1.jpg,34.1118625,-118.3341186,2025-08-20
7129943,"$2,785,000","3162 Durand Dr, Los Angeles, CA 90068",3 beds,3.5 baths,"2,445",https://www.redfin.com/CA/Los-Angeles/3162-Durand-Dr-90068/home/7129943,https://ssl.cdn-redfin.com/photo/40/islphoto/465/genIslnoResize.25575465_5.jpg,34.1265796,-118.3234368,2025-08-20
5312996,"$1,215,000","2820 Oak Point Dr, Los Angeles, CA 90068",2 beds,1.5 baths,"1,403",https://www.redfin.com/CA/Los-Angeles/2820-Oak-Point-Dr-90068/home/5312996,https://ssl.cdn-redfin.com/photo/45/islphoto/645/genIslnoResize.OC25157645_0.jpg,34.1219567,-118.3505665,2025-08-20
7129617,"$2,850,000","5700 Spring Oak Dr, Los Angeles, CA 90068",4 beds,4 baths,"2,830",https://www.redfin.com/CA/Los-Angeles/5700-Spring-Oak-Dr-90068/home/7129617,https://ssl.cdn-redfin.com/photo/40/islphoto/003/genIslnoResize.25577003_0.jpg,34.1178947,-118.3136397,2025-08-20
7114431,"$549,999","6702 Hillpark Dr #308, Los Angeles, CA 90068",2 beds,2 baths,"1,158",https://www.redfin.com/CA/Los-Angeles/6702-Hillpark-Dr-90068/unit-308/home/7114431,https://ssl.cdn-redfin.com/photo/45/islphoto/068/genIslnoResize.SR25184068_0.jpg,34.1177405,-118.3391102,2025-08-20
5315029,"$1,995,000","6969 Woodrow Wilson Dr, Los Angeles, CA 90068",3 beds,3 baths,"3,470",https://www.redfin.com/CA/Los-Angeles/6969-Woodrow-Wilson-Dr-90068/home/5315029,https://ssl.cdn-redfin.com/photo/40/islphoto/717/genIslnoResize.25575717_2.jpg,34.125202,-118.3464693,2025-08-20
7126701,"$3,995,000","2247 Chelan Pl, Los Angeles, CA 90046",5 beds,5.5 baths,"3,688",https://www.redfin.com/CA/Los-Angeles/2247-Chelan-Pl-90068/home/7126701,https://ssl.cdn-redfin.com/photo/40/islphoto/031/genIslnoResize.25578031_1.jpg,34.1124969,-118.3468607,2025-08-20
7128542,"$1,799,000","3468 Troy Dr, Los Angeles, CA 90068",3 beds,2.5 baths,"1,809",https://www.redfin.com/CA/Los-Angeles/3468-Troy-Dr-90068/home/7128542,https://ssl.cdn-redfin.com/photo/40/islphoto/811/genIslnoResize.25576811_0.jpg,34.135566,-118.3438073,2025-08-20
7129359,"$1,499,000","2446 Cheremoya Ave, Los Angeles, CA 90068",2 beds,1.5 baths,"1,231",https://www.redfin.com/CA/Los-Angeles/2446-Cheremoya-Ave-90068/home/7129359,https://ssl.cdn-redfin.com/photo/40/islphoto/765/genIslnoResize.25575765_0.jpg,34.1143621,-118.3203814,2025-08-20
7127693,"$2,395,000","6383 Quebec Dr, Los Angeles, CA 90068",4 beds,6 baths,"3,180",https://www.redfin.com/CA/Los-Angeles/6383-Quebec-Dr-90068/home/7127693,https://ssl.cdn-redfin.com/photo/40/islphoto/143/genIslnoResize.25578143_0.jpg,34.1137652,-118.3281224,2025-08-20
5312912,"$1,750,000","7242 Woodrow Wilson Dr, Los Angeles, CA 90068",3 beds,2.5 baths,"1,886",https://www.redfin.com/CA/Los-Angeles/7242-Woodrow-Wilson-Dr-90068/home/5312912,https://ssl.cdn-redfin.com/photo/40/islphoto/479/genIslnoResize.25579479_0.jpg,34.1240155,-118.3502993,2025-08-20
7127427,"$699,000","1940 N Highland Ave #70, Los Angeles, CA 90068",2 beds,2 baths,"1,112",https://www.redfin.com/CA/Los-Angeles/1940-N-Highland-Ave-90068/unit-70/home/7127427,https://ssl.cdn-redfin.com/photo/45/islphoto/794/genIslnoResize.SR25182794_1.jpg,34.10648,-118.3368355,2025-08-20
17526403,"$3,950,000","2311 Vasanta Way, Los Angeles, CA 90068",4 beds,5.5 baths,"4,200",https://www.redfin.com/CA/Los-Angeles/2311-Vasanta-Way-90068/home/17526403,https://ssl.cdn-redfin.com/photo/40/islphoto/291/genIslnoResize.25571291_0.jpg,34.1126818,-118.3236126,2025-08-20
7131856,"$2,795,000","5649 Valley Oak Dr, Los Angeles, CA 90068",3 beds,3.5 baths,"2,661",https://www.redfin.com/CA/Los-Angeles/5649-Valley-Oak-Dr-90068/home/7131856,https://ssl.cdn-redfin.com/photo/40/islphoto/185/genIslnoResize.25574185_0.jpg,34.1104741,-118.3128356,2025-08-20
7128541,"$1,299,000","3464 Troy Dr, Los Angeles, CA 90068",3 beds,2.5 baths,"1,344",https://www.redfin.com/CA/Los-Angeles/3464-Troy-Dr-90068/home/7128541,https://ssl.cdn-redfin.com/photo/40/islphoto/279/genIslnoResize.25575279_0.jpg,34.135443,-118.3436845,2025-08-20
105492931,"$959,000","5633 Observation Ln, Los Angeles, CA 90028",2 beds,3 baths,"1,394",https://www.redfin.com/CA/Los-Angeles/5633-Observation-Ln-90028/home/105492931,https://ssl.cdn-redfin.com/photo/40/islphoto/633/genIslnoResize.25575633_0.jpg,34.1024646,-118.3127456,2025-08-20
7129449,"$1,786,000","5911 Canyon Heights Ln, Los Angeles, CA 90068",3 beds,2.5 baths,"1,734",https://www.redfin.com/CA/Los-Angeles/5911-Canyon-Heights-Ln-90068/home/7129449,https://ssl.cdn-redfin.com/photo/40/islphoto/817/genIslnoResize.25570817_0.jpg,34.1146136,-118.3168397,2025-08-20
5314215,"$1,555,555","7241 Woodrow Wilson Dr, Los Angeles, CA 90068",2 beds,2 baths,"1,208",https://www.redfin.com/CA/Los-Angeles/7241-Woodrow-Wilson-Dr-90068/home/5314215,https://ssl.cdn-redfin.com/photo/45/islphoto/693/genIslnoResize.OC25181693_3.jpg,34.1242352,-118.3502469,2025-08-20
5313322,"$2,100,000","7265 Caverna Dr, Los Angeles, CA 90068",3 beds,3 baths,"2,494",https://www.redfin.com/CA/Los-Angeles/7265-Caverna-Dr-90068/home/5313322,https://ssl.cdn-redfin.com/photo/40/islphoto/027/genIslnoResize.25577027_0.jpg,34.1210087,-118.3509355,2025-08-20
7128852,"$1,725,000","3074 Lake Hollywood Dr, Los Angeles, CA 90068",4 beds,2 baths,"1,903",https://www.redfin.com/CA/Los-Angeles/3074-Lake-Hollywood-Dr-90068/home/7128852,https://ssl.cdn-redfin.com/photo/40/islphoto/205/genIslnoResize.25576205_0.jpg,34.132603,-118.3395915,2025-08-20
7129197,"$649,000","2604 N Beachwood Dr #2, Los Angeles, CA 90068",2 beds,2 baths,979,https://www.redfin.com/CA/Los-Angeles/2604-N-Beachwood-Dr-90068/unit-2/home/7129197,https://ssl.cdn-redfin.com/photo/40/islphoto/613/genIslnoResize.25572613_0.jpg,34.1179286,-118.3211954,2025-08-20
7130842,"$1,600,000","6190 Temple Hill Dr, Los Angeles, CA 90068",2 beds,2 baths,"1,158",https://www.redfin.com/CA/Los-Angeles/6190-Temple-Hill-Dr-90068/home/7130842,https://ssl.cdn-redfin.com/photo/40/islphoto/875/genIslnoResize.25576875_0.jpg,34.1114498,-118.3246477,2025-08-20
7129721,"$5,299,000","2459 Park Oak Dr, Los Angeles, CA 90068",5 beds,5 baths,"4,700",https://www.redfin.com/CA/Los-Angeles/2459-Park-Oak-Dr-90068/home/7129721,https://ssl.cdn-redfin.com/photo/40/islphoto/231/genIslnoResize.25565231_0.jpg,34.1152333,-118.3124276,2025-08-20
7130646,"$2,300,000","2528 Dearborn Dr, Los Angeles, CA 90068",4 beds,4 baths,"2,800",https://www.redfin.com/CA/Los-Angeles/2528-Dearborn-Dr-90068/home/7130646,https://ssl.cdn-redfin.com/photo/40/islphoto/261/genIslnoResize.25570261_2.jpg,34.1142844,-118.3226567,2025-08-20
7114793,"$4,495,000","7020 La Presa Dr, Los Angeles, CA 90068",4 beds,4.5 baths,"4,558",https://www.redfin.com/CA/Los-Angeles/7020-La-Presa-Dr-90068/home/7114793,https://ssl.cdn-redfin.com/photo/40/islphoto/081/genIslnoResize.25575081_0.jpg,34.109073,-118.3413432,2025-08-20
7129920,"$2,995,000","6300 Mulholland Hwy, Los Angeles, CA 90068",4 beds,4.5 baths,"3,109",https://www.redfin.com/CA/Los-Angeles/6300-Mulholland-Hwy-90068/home/7129920,https://ssl.cdn-redfin.com/photo/40/islphoto/397/genIslnoResize.25577397_0.jpg,34.1274085,-118.3245289,2025-08-20
7130031,"$3,986,000","2882 Belden Dr, Los Angeles, CA 90068",5 beds,3.5 baths,"4,275",https://www.redfin.com/CA/Los-Angeles/2882-Belden-Dr-90068/home/7130031,https://ssl.cdn-redfin.com/photo/40/islphoto/641/genIslnoResize.25540641_3.jpg,34.1220195,-118.3227354,2025-08-20
7131756,"$1,895,000","5661 Spreading Oak Dr, Los Angeles, CA 90068",3 beds,2 baths,"1,672",https://www.redfin.com/CA/Los-Angeles/5661-Spreading-Oak-Dr-90068/home/7131756,https://ssl.cdn-redfin.com/photo/40/islphoto/733/genIslnoResize.25573733_0.jpg,34.1141021,-118.3137977,2025-08-20
7128461,"$2,300,000","6411 Tahoe Dr, Los Angeles, CA 90068",4 beds,2.5 baths,"2,290",https://www.redfin.com/CA/Los-Angeles/6411-Tahoe-Dr-90068/home/7128461,https://ssl.cdn-redfin.com/photo/40/islphoto/895/genIslnoResize.25569895_0.jpg,34.1279859,-118.3301082,2025-08-20
7130134,"$1,425,000","3112 Ledgewood Dr, Los Angeles, CA 90068",2 beds,2 baths,"1,272",https://www.redfin.com/CA/Los-Angeles/3112-Ledgewood-Dr-90068/home/7130134,https://ssl.cdn-redfin.com/photo/40/islphoto/375/genIslnoResize.25569375_0.jpg,34.1250047,-118.3218347,2025-08-20
7114956,"$7,249,000","1947 Glencoe Way, Los Angeles, CA 90068",6 beds,6.5 baths,"6,602",https://www.redfin.com/CA/Los-Angeles/1947-Glencoe-Way-90068/home/7114956,https://ssl.cdn-redfin.com/photo/45/islphoto/783/genIslnoResize.SR25176783_0.jpg,34.1060223,-118.3390138,2025-08-20
7127505,"$1,200,000","2251 N Cahuenga Blvd, Los Angeles, CA 90068",2 beds,2 baths,"1,133",https://www.redfin.com/CA/Los-Angeles/2251-N-Cahuenga-Blvd-90068/home/7127505,https://ssl.cdn-redfin.com/photo/40/islphoto/649/genIslnoResize.25570649_2.jpg,34.1109566,-118.3329152,2025-08-20
5314245,"$2,750,000","2942 Passmore Dr, Los Angeles, CA 90068",4 beds,4.5 baths,"3,821",https://www.redfin.com/CA/Los-Angeles/2942-Passmore-Dr-90068/home/5314245,https://ssl.cdn-redfin.com/photo/40/islphoto/139/genIslnoResize.25565139_2.jpg,34.1249467,-118.351598,2025-08-20
7114781,"$4,369,000","6911 Los Tilos Rd, Los Angeles, CA 90068",4 beds,4 baths,"3,967",https://www.redfin.com/CA/Los-Angeles/6911-Los-Tilos-Rd-90068/home/7114781,https://ssl.cdn-redfin.com/photo/40/islphoto/795/genIslnoResize.25567795_1.jpg,34.1108666,-118.3400869,2025-08-20
5314590,"$1,695,000","3275 Dos Palos Dr, Los Angeles, CA 90068",2 beds,2 baths,"1,536",https://www.redfin.com/CA/Los-Angeles/3275-Dos-Palos-Dr-90068/home/5314590,https://ssl.cdn-redfin.com/photo/40/islphoto/825/genIslnoResize.25575825_0.jpg,34.1281426,-118.349368,2025-08-20
5313399,"$2,495,000","7316 Caverna Dr, Los Angeles, CA 90068",2 beds,2 baths,"1,582",https://www.redfin.com/CA/Los-Angeles/7316-Caverna-Dr-90068/home/5313399,https://ssl.cdn-redfin.com/photo/40/islphoto/197/genIslnoResize.25567197_0.jpg,34.1214121,-118.3525064,2025-08-20
5314078,"$1,859,000","3158 Oakshire Dr, Los Angeles, CA 90068",3 beds,2 baths,"1,757",https://www.redfin.com/CA/Los-Angeles/3158-Oakshire-Dr-90068/home/5314078,https://ssl.cdn-redfin.com/photo/45/islphoto/498/genIslnoResize.SR25170498_1.jpg,34.1276557,-118.3527466,2025-08-20
7128420,"$2,775,000","6312 Tahoe Dr, Los Angeles, CA 90068",4 beds,3 baths,"2,688",https://www.redfin.com/CA/Los-Angeles/6312-Tahoe-Dr-90068/home/7128420,https://ssl.cdn-redfin.com/photo/45/islphoto/135/genIslnoResize.NP25163135_3.jpg,34.1278078,-118.3279568,2025-08-20
7127592,"$3,199,900","2276 La Granada Dr, Los Angeles, CA 90068",4 beds,3 baths,"2,415",https://www.redfin.com/CA/Los-Angeles/2276-La-Granada-Dr-90068/home/7127592,https://ssl.cdn-redfin.com/photo/40/islphoto/967/genIslnoResize.25561967_6.jpg,34.1119609,-118.331321,2025-08-20
7130776,"$1,095,000","6222 Glen Airy St, Los Angeles, CA 90068",2 beds,1 bath,"1,030",https://www.redfin.com/CA/Los-Angeles/6222-Glen-Airy-St-90068/home/7130776,https://ssl.cdn-redfin.com/photo/45/islphoto/530/genIslnoResize.SR25164530_0.jpg,34.1130123,-118.323282,2025-08-20
7130091,"$1,495,000","6180 Rockcliff Dr, Los Angeles, CA 90068",2 beds,2 baths,"1,477",https://www.redfin.com/CA/Los-Angeles/6180-Rockcliff-Dr-90068/home/7130091,https://ssl.cdn-redfin.com/photo/40/islphoto/117/genIslnoResize.25527117_0.jpg,34.1279023,-118.3206272,2025-08-20
7115047,"$1,099,000","6873 Yeager Pl, Los Angeles, CA 90068",2 beds,1 bath,936,https://www.redfin.com/CA/Los-Angeles/6873-Yeager-Pl-90068/home/7115047,https://ssl.cdn-redfin.com/photo/40/islphoto/501/genIslnoResize.25563501_0.jpg,34.1094728,-118.3394059,2025-08-20
8145766,"$1,899,999","2729 Hollyview Ct, Los Angeles, CA 90068",4 beds,3.5 baths,"3,026",https://www.redfin.com/CA/Los-Angeles/2729-Hollyview-Ct-90068/home/8145766,https://ssl.cdn-redfin.com/photo/45/islphoto/889/genIslnoResize.SR25166889_0.jpg,34.119818,-118.342599,2025-08-20
7128084,"$459,000","3480 Barham Blvd #226, Los Angeles, CA 90068",1 bed,1 bath,812,https://www.redfin.com/CA/Los-Angeles/3480-Barham-Blvd-90068/unit-226/home/7128084,https://ssl.cdn-redfin.com/photo/40/islphoto/451/genIslnoResize.25577451_0.jpg,34.135386,-118.3418345,2025-08-20
79040846,"$1,295,000","6760 W Gill Way, Los Angeles, CA 90068",3 beds,4 baths,"1,859",https://www.redfin.com/CA/Los-Angeles/6760-Gill-Way-90068/home/79040846,https://ssl.cdn-redfin.com/photo/40/islphoto/687/genIslnoResize.25572687_0.jpg,34.1193703,-118.3409287,2025-08-20
7130831,"$1,500,000","2228 Vista Del Mar Pl, Los Angeles, CA 90068",2 beds,2 baths,"1,660",https://www.redfin.com/CA/Los-Angeles/2228-Vista-del-Mar-Pl-90068/home/7130831,https://ssl.cdn-redfin.com/photo/40/islphoto/337/genIslnoResize.25561337_0.jpg,34.1111217,-118.3239081,2025-08-20
5312978,"$1,998,000","2806 Sunday Trl, Los Angeles, CA 90068",3 beds,3 baths,"2,520",https://www.redfin.com/CA/Los-Angeles/2806-Sunday-Trl-90068/home/5312978,https://ssl.cdn-redfin.com/photo/40/islphoto/877/genIslnoResize.25563877_2.jpg,34.1220291,-118.3511864,2025-08-20
5312403,"$3,999,000","7404 Woodrow Wilson Dr, Los Angeles, CA 90046",5 beds,4.5 baths,"3,611",https://www.redfin.com/CA/Los-Angeles/7404-Woodrow-Wilson-Dr-90046/home/5312403,https://ssl.cdn-redfin.com/photo/45/islphoto/818/genIslnoResize.GD25173818_0.jpg,34.1237483,-118.3556249,2025-08-20
7131576,"$1,899,000","1807 N Van Ness Ave, Los Angeles, CA 90028",5 beds,3 baths,"2,388",https://www.redfin.com/CA/Los-Angeles/1807-N-Van-Ness-Ave-90028/home/7131576,https://ssl.cdn-redfin.com/photo/40/islphoto/225/genIslnoResize.25574225_0.jpg,34.1037658,-118.316137,2025-08-20
7127106,"$570,000","1942 Grace Ave #223, Los Angeles, CA 90068",2 beds,2 baths,"1,116",https://www.redfin.com/CA/Los-Angeles/1942-Grace-Ave-90068/unit-223/home/7127106,https://ssl.cdn-redfin.com/photo/45/islphoto/458/genIslnoResize.SR25169458_2.jpg,34.106595,-118.331798,2025-08-20
7130196,"$2,099,999","2740 N Beachwood Dr, Hollywood Hills East, CA 90068",4 beds,3 baths,"2,374",https://www.redfin.com/CA/Los-Angeles/2740-N-Beachwood-Dr-90068/home/7130196,https://ssl.cdn-redfin.com/photo/45/islphoto/903/genIslnoResize.SR25170903_0.jpg,34.1209166,-118.3217229,2025-08-20
7129843,"$2,185,000","3279 Ledgewood Dr, Los Angeles, CA 90068",3 beds,4 baths,"1,501",https://www.redfin.com/CA/Los-Angeles/3279-Ledgewood-Dr-90068/home/7129843,https://ssl.cdn-redfin.com/photo/40/islphoto/657/genIslnoResize.25575657_0.jpg,34.1283521,-118.3218959,2025-08-20
7114943,"$3,980,000","1960 Hillcrest Rd, Los Angeles, CA 90068",6 beds,6 baths,"6,341",https://www.redfin.com/CA/Los-Angeles/1960-Hillcrest-Rd-90068/home/7114943,https://ssl.cdn-redfin.com/photo/40/islphoto/683/genIslnoResize.25570683_0.jpg,34.1065992,-118.3397409,2025-08-20
7127614,"$1,695,000","6476 San Marco Cir, Los Angeles, CA 90068",3 beds,3.5 baths,"2,276",https://www.redfin.com/CA/Los-Angeles/6476-San-Marco-Cir-90068/home/7127614,https://ssl.cdn-redfin.com/photo/45/islphoto/667/genIslnoResize.SR25162667_0.jpg,34.1124697,-118.3318321,2025-08-20
7128548,"$1,675,000","3488 Troy Dr, Los Angeles, CA 90068",4 beds,4 baths,"3,340",https://www.redfin.com/CA/Los-Angeles/3488-Troy-Dr-90068/home/7128548,https://ssl.cdn-redfin.com/photo/40/islphoto/747/genIslnoResize.25554747_0.jpg,34.1363744,-118.3435329,2025-08-20
7114421,"$570,000","6700 Hillpark Dr #302, Los Angeles, CA 90068",2 beds,2 baths,"1,059",https://www.redfin.com/CA/Los-Angeles/6700-Hillpark-Dr-90068/unit-302/home/7114421,https://ssl.cdn-redfin.com/photo/45/islphoto/582/genIslnoResize.GD25163582_0.jpg,34.117695,-118.3388867,2025-08-20
5314800,"$2,299,000","3310 Bennett Dr, Los Angeles, CA 90068",4 beds,3.5 baths,"2,746",https://www.redfin.com/CA/Los-Angeles/3310-Bennett-Dr-90068/home/5314800,https://ssl.cdn-redfin.com/photo/40/islphoto/505/genIslnoResize.25560505_5.jpg,34.1269929,-118.3485894,2025-08-20
7131201,"$865,000","2222 N Beachwood Dr #207, Los Angeles, CA 90068",2 beds,2 baths,"1,328",https://www.redfin.com/CA/Los-Angeles/2222-N-Beachwood-Dr-90068/unit-207/home/7131201,https://ssl.cdn-redfin.com/photo/40/islphoto/903/genIslnoResize.25575903_0.jpg,34.1108419,-118.3204539,2025-08-20
79040839,"$1,198,000","6746 W Gill Way, Los Angeles, CA 90068",3 beds,3.5 baths,"1,859",https://www.redfin.com/CA/Los-Angeles/6746-Gill-Way-90068/home/79040839,https://ssl.cdn-redfin.com/photo/40/islphoto/717/genIslnoResize.25564717_0.jpg,34.1193866,-118.3402821,2025-08-20
7127368,"$489,000","1940 N Highland Ave #10, Los Angeles, CA 90068",2 beds,2 baths,980,https://www.redfin.com/CA/Los-Angeles/1940-N-Highland-Ave-90068/unit-10/home/7127368,https://ssl.cdn-redfin.com/photo/45/islphoto/228/genIslnoResize.P1-23228_3.jpg,34.10648,-118.3368355,2025-08-20
7128024,"$1,759,999","3540 N Knoll Dr, Los Angeles, CA 90068",3 beds,3 baths,"1,580",https://www.redfin.com/CA/Los-Angeles/3540-N-Knoll-Dr-90068/home/7128024,https://ssl.cdn-redfin.com/photo/45/islphoto/343/genIslnoResize.SR25168343_0.jpg,34.1330379,-118.337412,2025-08-20
7131871,"$2,996,000","5698 Holly Oak Dr, Los Angeles, CA 90068",4 beds,4 baths,"3,986",https://www.redfin.com/CA/Los-Angeles/5698-Holly-Oak-Dr-90068/home/7131871,https://ssl.cdn-redfin.com/photo/40/islphoto/205/genIslnoResize.25553205_0.jpg,34.1100282,-118.3135694,2025-08-20
17230229,"$540,000","6253 Hollywood Blvd #903, Los Angeles, CA 90028",0 beds,1 bath,730,https://www.redfin.com/CA/Los-Angeles/6253-Hollywood-Blvd-90028/unit-903/home/17230229,https://ssl.cdn-redfin.com/photo/40/islphoto/191/genIslnoResize.25557191_1.jpg,34.1017763,-118.3262794,2025-08-20
79040848,"$1,399,000","2780 N Wright Ln, Los Angeles, CA 90068",3 beds,4 baths,"2,194",https://www.redfin.com/CA/Los-Angeles/2780-Wright-Ln-90068/home/79040848,https://ssl.cdn-redfin.com/photo/40/islphoto/413/genIslnoResize.25571413_1.jpg,34.1196537,-118.3399739,2025-08-20
5310911,"$1,750,000","3740 Multiview Dr, Los Angeles, CA 90068",4 beds,4 baths,"3,481",https://www.redfin.com/CA/Los-Angeles/3740-Multiview-Dr-90068/home/5310911,https://ssl.cdn-redfin.com/photo/40/islphoto/753/genIslnoResize.25564753_0.jpg,34.1328332,-118.359602,2025-08-20
7128512,"$1,175,000","3305 Hillock Dr, Los Angeles, CA 90068",1 bed,1 bath,935,https://www.redfin.com/CA/Los-Angeles/3305-Hillock-Dr-90068/home/7128512,https://ssl.cdn-redfin.com/photo/40/islphoto/733/genIslnoResize.25563733_0.jpg,34.137826,-118.3433226,2025-08-20
7128189,"$825,000","2700 Cahuenga Blvd #3108, Los Angeles, CA 90068",3 beds,2 baths,"1,421",https://www.redfin.com/CA/Los-Angeles/2700-Cahuenga-Blvd-E-90068/unit-3108/home/7128189,https://ssl.cdn-redfin.com/photo/40/islphoto/949/genIslnoResize.25573949_0.jpg,34.118004,-118.336194,2025-08-20
7129824,"$2,250,000","6105 Mulholland Hwy, Los Angeles, CA 90068",3 beds,3.5 baths,"2,515",https://www.redfin.com/CA/Los-Angeles/6105-Mulholland-Hwy-90068/home/7129824,https://ssl.cdn-redfin.com/photo/40/islphoto/323/genIslnoResize.25549323_0.jpg,34.130976,-118.3209278,2025-08-20
7128195,"$545,000","2700 E Cahuenga Blvd #3204, Los Angeles, CA 90068",1 bed,1 bath,685,https://www.redfin.com/CA/Los-Angeles/2700-Cahuenga-Blvd-E-90068/unit-3204/home/7128195,https://ssl.cdn-redfin.com/photo/40/islphoto/259/genIslnoResize.25575259_1.jpg,34.118004,-118.336194,2025-08-20
7114623,"$5,900,000","7139 Macapa Dr, Los Angeles, CA 90068",4 beds,5 baths,"3,449",https://www.redfin.com/CA/Los-Angeles/7139-Macapa-Dr-90068/home/7114623,https://ssl.cdn-redfin.com/photo/45/islphoto/425/genIslnoResize.SR25159425_0.jpg,34.118828,-118.3461825,2025-08-20
7129157,"$1,600,000","3107 Hollycrest Dr, Los Angeles, CA 90068",4 beds,6 baths,"2,692",https://www.redfin.com/CA/Los-Angeles/3107-Hollycrest-Dr-90068/home/7129157,https://ssl.cdn-redfin.com/photo/45/islphoto/012/genIslnoResize.WS25181012_0.jpg,34.1278086,-118.344972,2025-08-20
5311114,"$1,995,000","3564 Multiview Dr, Los Angeles, CA 90068",3 beds,2.5 baths,"2,405",https://www.redfin.com/CA/Los-Angeles/3564-Multiview-Dr-90068/home/5311114,https://ssl.cdn-redfin.com/photo/40/islphoto/547/genIslnoResize.25557547_1.jpg,34.1303349,-118.3613176,2025-08-20
7128724,"$1,699,000","3319 Floyd Ter, Los Angeles, CA 90068",5 beds,4 baths,"2,911",https://www.redfin.com/CA/Los-Angeles/3319-Floyd-Ter-90068/home/7128724,https://ssl.cdn-redfin.com/photo/40/islphoto/899/genIslnoResize.25563899_0.jpg,34.1314042,-118.3460091,2025-08-20
7114872,"$3,995,000","1919 Pinehurst Rd, Los Angeles, CA 90068",4 beds,5 baths,"4,288",https://www.redfin.com/CA/Los-Angeles/1919-Pinehurst-Rd-90068/home/7114872,https://ssl.cdn-redfin.com/photo/40/islphoto/891/genIslnoResize.25566891_0.jpg,34.1054019,-118.3400991,2025-08-20
22980486,"$2,549,000","7350 Pacific View Dr, Los Angeles, CA 90068",3 beds,3 baths,"2,148",https://www.redfin.com/CA/Los-Angeles/7350-Pacific-View-Dr-90068/home/22980486,https://ssl.cdn-redfin.com/photo/40/islphoto/049/genIslnoResize.25564049_1.jpg,34.1215968,-118.3541162,2025-08-20
5314829,"$1,215,000","3209 Bennett Dr, Los Angeles, CA 90068",3 beds,2 baths,"1,065",https://www.redfin.com/CA/Los-Angeles/3209-Bennett-Dr-90068/home/5314829,https://ssl.cdn-redfin.com/photo/45/islphoto/864/genIslnoResize.SW25142864_1.jpg,34.1269536,-118.3463858,2025-08-20
7131457,"$1,595,000","5924 Graciosa Dr, Los Angeles, CA 90068",4 beds,4 baths,"2,446",https://www.redfin.com/CA/Los-Angeles/5924-Graciosa-Dr-90068/home/7131457,https://ssl.cdn-redfin.com/photo/45/islphoto/717/genIslnoResize.SR25158717_1.jpg,34.1127435,-118.3189929,2025-08-20
7128778,"$615,000","3284 Barham Blvd #201, Los Angeles, CA 90068",2 beds,2 baths,"1,254",https://www.redfin.com/CA/Los-Angeles/3284-Barham-Blvd-90068/unit-201/home/7128778,https://ssl.cdn-redfin.com/photo/45/islphoto/489/genIslnoResize.BB25142489_2.jpg,34.1305205,-118.3452297,2025-08-20
7126649,"$2,695,000","2500 Carman Crest Dr, Los Angeles, CA 90068",3 beds,3.5 baths,"2,386",https://www.redfin.com/CA/Los-Angeles/2500-Carman-Crest-Dr-90068/home/7126649,https://ssl.cdn-redfin.com/photo/40/islphoto/235/genIslnoResize.25543235_2.jpg,34.1149855,-118.3471093,2025-08-20
7126970,"$7,798,000","1851 Outpost Dr, Los Angeles, CA 90068",6 beds,6.5 baths,"5,906",https://www.redfin.com/CA/Los-Angeles/1851-Outpost-Dr-90068/home/7126970,https://ssl.cdn-redfin.com/photo/40/islphoto/893/genIslnoResize.25550893_5.jpg,34.105493,-118.344527,2025-08-20
5311667,"$1,599,000","3334 Oak Glen Dr, Los Angeles, CA 90068",4 beds,3 baths,"2,738",https://www.redfin.com/CA/Los-Angeles/3334-Oak-Glen-Dr-90068/home/5311667,https://ssl.cdn-redfin.com/photo/40/islphoto/425/genIslnoResize.25567425_0.jpg,34.1302319,-118.3512841,2025-08-20
5315294,"$1,150,000","2951 Park Center Dr, Los Angeles, CA 90068",2 beds,2 baths,"1,383",https://www.redfin.com/CA/Los-Angeles/2951-Park-Center-Dr-90068/home/5315294,https://ssl.cdn-redfin.com/photo/40/islphoto/961/genIslnoResize.25567961_0.jpg,34.1237707,-118.3448023,2025-08-20
7130816,"$1,995,000","6245 Scenic Ave, Los Angeles, CA 90068",4 beds,3 baths,"4,218",https://www.redfin.com/CA/Los-Angeles/6245-Scenic-Ave-90068/home/7130816,https://ssl.cdn-redfin.com/photo/45/islphoto/030/genIslnoResize.OC25150030_0.jpg,34.1097975,-118.3244199,2025-08-20
7131751,"$1,895,000","5675 Spreading Oak Dr, Los Angeles, CA 90068",3 beds,2 baths,"1,999",https://www.redfin.com/CA/Los-Angeles/5675-Spreading-Oak-Dr-90068/home/7131751,https://ssl.cdn-redfin.com/photo/40/islphoto/681/genIslnoResize.25518681_1.jpg,34.1138968,-118.3145725,2025-08-20
7127042,"$1,099,000","1945 Holly Dr, Los Angeles, CA 90068",4 beds,3 baths,"2,277",https://www.redfin.com/CA/Los-Angeles/1945-Holly-Dr-90068/home/7127042,https://ssl.cdn-redfin.com/photo/40/islphoto/771/genIslnoResize.25522771_0.jpg,34.1065785,-118.3299595,2025-08-20
21925088,"$5,950,000","6446 W Weidlake Dr, Los Angeles, CA 90068",4 beds,5 baths,"6,204",https://www.redfin.com/CA/Los-Angeles/6446-Weidlake-Dr-90068/home/21925088,https://ssl.cdn-redfin.com/photo/40/islphoto/862/genIslnoResize.20-636862_0.jpg,34.1157351,-118.3298564,2025-08-20
5314109,"$1,499,000","3329 Adina Dr, Los Angeles, CA 90068",3 beds,4 baths,"1,904",https://www.redfin.com/CA/Los-Angeles/3329-Adina-Dr-90068/home/5314109,https://ssl.cdn-redfin.com/system_files/media/1109747_JPG/genDesktopMapHomeCardUrl/item_43.jpg,34.1274539,-118.3518628,2025-08-20
7127804,"$2,425,000","2280 Holly Dr, Los Angeles, CA 90068",4 beds,4.5 baths,"2,994",https://www.redfin.com/CA/Los-Angeles/2280-Holly-Dr-90068/home/7127804,https://ssl.cdn-redfin.com/photo/40/islphoto/327/genIslnoResize.25535327_0.jpg,34.1124158,-118.3306217,2025-08-20
7127311,"$2,099,999","6749 Whitley Ter, Los Angeles, CA 90068",3 beds,3 baths,"2,715",https://www.redfin.com/CA/Los-Angeles/6749-Whitley-Ter-90068/home/7127311,https://ssl.cdn-redfin.com/photo/40/islphoto/885/genIslnoResize.25502885_7.jpg,34.1089241,-118.3336477,2025-08-20
193007181,"$1,850,000","3649 Regal Pl #404, Los Angeles, CA 90068",3 beds,3 baths,"1,731",https://www.redfin.com/CA/Los-Angeles/3649-Regal-Pl-90068/unit-404/home/193007181,https://ssl.cdn-redfin.com/photo/40/islphoto/701/genIslnoResize.25571701_0.jpg,34.1342348,-118.3620943,2025-08-20
17229505,"$750,000","6253 Hollywood Blvd #506, Los Angeles, CA 90028",2 beds,1.5 baths,"1,230",https://www.redfin.com/CA/Los-Angeles/6253-Hollywood-Blvd-90028/unit-506/home/17229505,https://ssl.cdn-redfin.com/photo/40/islphoto/925/genIslnoResize.25566925_0.jpg,34.1017763,-118.3262794,2025-08-20
7132299,"$4,099,000","2216 E Live Oak Dr, Los Angeles, CA 90068",4 beds,5 baths,"4,130",https://www.redfin.com/CA/Los-Angeles/2216-E-Live-Oak-Dr-90068/home/7132299,https://ssl.cdn-redfin.com/photo/40/islphoto/189/genIslnoResize.25547189_0.jpg,34.1110748,-118.308334,2025-08-20
5315109,"$2,097,000","6907 Treasure Trl, Hollywood Hills, CA 90068",4 beds,5 baths,"3,982",https://www.redfin.com/CA/Los-Angeles/6907-Treasure-Trl-90068/home/5315109,https://ssl.cdn-redfin.com/photo/45/islphoto/872/genIslnoResize.SR25060872_E.jpg,34.1245327,-118.3453802,2025-08-20
7129533,"$1,700,000","2838 Lambert Dr, Los Angeles, CA 90068",6 beds,6 baths,"2,820",https://www.redfin.com/CA/Los-Angeles/2838-Lambert-Dr-90068/home/7129533,https://ssl.cdn-redfin.com/photo/45/islphoto/855/genIslnoResize.TR25153855_1.jpg,34.1191389,-118.3176323,2025-08-20
195155209,"$1,145,000","7315 W Pyramid Pl, Los Angeles, CA 90046",4 beds,7 baths,"3,765",https://www.redfin.com/CA/Los-Angeles/7315-Pyramid-Pl-90046/home/195155209,https://ssl.cdn-redfin.com/photo/40/islphoto/207/genIslnoResize.25539207_0.jpg,34.12042,-118.35235,2025-08-20
7128368,"$2,095,000","6467 Deep Dell Pl, Los Angeles, CA 90068",3 beds,3 baths,"3,598",https://www.redfin.com/CA/Los-Angeles/6467-Deep-Dell-Pl-90068/home/7128368,https://ssl.cdn-redfin.com/photo/40/islphoto/727/genIslnoResize.25566727_0.jpg,34.115343,-118.3307221,2025-08-20
7129883,"$9,200,000","3306 Deronda Dr, Los Angeles, CA 90068",3 beds,3.5 baths,"3,137",https://www.redfin.com/CA/Los-Angeles/3306-Deronda-Dr-90068/home/7129883,https://ssl.cdn-redfin.com/photo/40/islphoto/339/genIslnoResize.25558339_1.jpg,34.1278977,-118.3193004,2025-08-20
7129146,"$2,395,000","3236 Primera Ave, Los Angeles, CA 90068",4 beds,4.5 baths,"3,651",https://www.redfin.com/CA/Los-Angeles/3236-Primera-Ave-90068/home/7129146,https://ssl.cdn-redfin.com/photo/40/islphoto/843/genIslnoResize.25552843_0.jpg,34.1293427,-118.3453386,2025-08-20
5314954,"$1,400,000","3131 & 3135 Oakcrest Dr, Los Angeles, CA 90068",6 beds,4 baths,"4,392",https://www.redfin.com/CA/Los-Angeles/3131-Oakcrest-Dr-90068/home/5314954,https://ssl.cdn-redfin.com/photo/40/islphoto/539/genIslnoResize.25-487539_3.jpg,34.1258427,-118.3465829,2025-08-20
7131058,"$2,399,000","1944 Argyle Ave, Los Angeles, CA 90068",8 beds,4 baths,"6,000",https://www.redfin.com/CA/Los-Angeles/1944-Argyle-Ave-90068/home/7131058,https://ssl.cdn-redfin.com/photo/40/islphoto/705/genIslnoResize.25569705_4.jpg,34.1065705,-118.3249627,2025-08-20
5312373,"$2,599,000","7470 Woodrow Wilson Dr, Los Angeles, CA 90046",4 beds,4.5 baths,"3,434",https://www.redfin.com/CA/Los-Angeles/7470-Woodrow-Wilson-Dr-90046/home/5312373,https://ssl.cdn-redfin.com/photo/40/islphoto/629/genIslnoResize.25537629_3.jpg,34.1244155,-118.3581795,2025-08-20
7127729,"$2,889,150","6324 Quebec Dr, Los Angeles, CA 90068",4 beds,5 baths,"4,012",https://www.redfin.com/CA/Los-Angeles/6324-Quebec-Dr-90068/home/7127729,https://ssl.cdn-redfin.com/photo/40/islphoto/217/genIslnoResize.25551217_0.jpg,34.1132845,-118.3264924,2025-08-20
7126720,"$3,249,000","2055 Outpost Dr, Los Angeles, CA 90068",4 beds,4.5 baths,"3,301",https://www.redfin.com/CA/Los-Angeles/2055-Outpost-Dr-90068/home/7126720,https://ssl.cdn-redfin.com/photo/40/islphoto/479/genIslnoResize.25543479_9.jpg,34.1075461,-118.3458981,2025-08-20
7131523,"$3,399,000","2027 N Canyon Dr, Los Angeles, CA 90068",5 beds,6 baths,"4,122",https://www.redfin.com/CA/Los-Angeles/2027-Canyon-Dr-90068/home/7131523,https://ssl.cdn-redfin.com/photo/40/islphoto/285/genIslnoResize.25563285_0.jpg,34.1081604,-118.3172467,2025-08-20
7114481,"$615,000","6716 Hillpark Dr #406, Los Angeles, CA 90068",2 beds,2 baths,"1,235",https://www.redfin.com/CA/Los-Angeles/6716-Hillpark-Dr-90068/unit-406/home/7114481,https://ssl.cdn-redfin.com/photo/40/islphoto/947/genIslnoResize.25565947_1.jpg,34.1178089,-118.3394754,2025-08-20
7128290,"$2,449,000","6570 Lakeridge Rd, Los Angeles, CA 90068",3 beds,2 baths,"2,201",https://www.redfin.com/CA/Los-Angeles/6570-Lakeridge-Rd-90068/home/7128290,https://ssl.cdn-redfin.com/photo/40/islphoto/691/genIslnoResize.25547691_1.jpg,34.1236872,-118.3393839,2025-08-20
7114419,"$595,000","6700 Hillpark Dr #204, Los Angeles, CA 90068",2 beds,2 baths,"1,040",https://www.redfin.com/CA/Los-Angeles/6700-Hillpark-Dr-90068/unit-204/home/7114419,https://ssl.cdn-redfin.com/photo/40/islphoto/335/genIslnoResize.25560335_4.jpg,34.117695,-118.3388867,2025-08-20
7130779,"$1,795,000","2310 Vasanta Way, Los Angeles, CA 90068",4 beds,3 baths,"2,200",https://www.redfin.com/CA/Los-Angeles/2310-Vasanta-Way-90068/home/7130779,https://ssl.cdn-redfin.com/photo/40/islphoto/751/genIslnoResize.25554751_2.jpg,34.1127152,-118.3230882,2025-08-20
5315152,"$1,499,999","7010 Loyal Trl, Los Angeles, CA 90068",2 beds,3 baths,"1,806",https://www.redfin.com/CA/Los-Angeles/7010-Loyal-Trl-90068/home/5315152,https://ssl.cdn-redfin.com/photo/45/islphoto/021/genIslnoResize.GD25153021_0.jpg,34.1245002,-118.3466445,2025-08-20
7131438,"$3,050,000","5940 Manola Way, Los Angeles, CA 90068",4 beds,3.5 baths,"3,316",https://www.redfin.com/CA/Los-Angeles/5940-Manola-Way-90068/home/7131438,https://ssl.cdn-redfin.com/system_files/media/1104921_JPG/genDesktopMapHomeCardUrl/item_4.jpg,34.1123033,-118.3190143,2025-08-20
7131982,"$6,375,000","5751 Valley Oak Dr, Los Angeles, CA 90068",5 beds,5 baths,"4,185",https://www.redfin.com/CA/Los-Angeles/5751-Valley-Oak-Dr-90068/home/7131982,https://ssl.cdn-redfin.com/photo/40/islphoto/565/genIslnoResize.25531565_4.jpg,34.1098621,-118.3147676,2025-08-20
7114884,"$1,998,000","1954 Pinehurst Rd, Los Angeles, CA 90068",3 beds,2 baths,"2,363",https://www.redfin.com/CA/Los-Angeles/1954-Pinehurst-Rd-90068/home/7114884,https://ssl.cdn-redfin.com/photo/40/islphoto/637/genIslnoResize.25546637_4.jpg,34.1062298,-118.3403491,2025-08-20
7129249,"$1,149,000","2516 Glen Green St, Los Angeles, CA 90068",3 beds,2 baths,"1,191",https://www.redfin.com/CA/Los-Angeles/2516-Glen-Green-St-90068/home/7129249,https://ssl.cdn-redfin.com/photo/40/islphoto/565/genIslnoResize.25555565_0.jpg,34.1159848,-118.3210145,2025-08-20
7130430,"$1,895,000","2575 N Beachwood Dr, Los Angeles, CA 90068",3 beds,3 baths,"1,868",https://www.redfin.com/CA/Los-Angeles/2575-N-Beachwood-Dr-90068/home/7130430,https://ssl.cdn-redfin.com/photo/40/islphoto/331/genIslnoResize.25554331_1.jpg,34.1172602,-118.32175,2025-08-20
7127526,"$2,100,000","6820 Whitley Ter, Los Angeles, CA 90068",8 beds,8 baths,"4,818",https://www.redfin.com/CA/Los-Angeles/6820-Whitley-Ter-90068/home/7127526,https://ssl.cdn-redfin.com/photo/40/islphoto/513/genIslnoResize.25565513_3.jpg,34.1100445,-118.3335304,2025-08-20
7131917,"$1,799,000","2256 Bronson Hill Dr, Los Angeles, CA 90068",2 beds,2 baths,"1,586",https://www.redfin.com/CA/Los-Angeles/2256-Bronson-Hill-Dr-90068/home/7131917,https://ssl.cdn-redfin.com/photo/45/islphoto/572/genIslnoResize.BB25102572_0.jpg,34.1115404,-118.3157433,2025-08-20
7130848,"$2,049,000","2261 Vasanta Way, Los Angeles, CA 90068",3 beds,3 baths,"2,654",https://www.redfin.com/CA/Los-Angeles/2261-Vasanta-Way-90068/home/7130848,https://ssl.cdn-redfin.com/photo/40/islphoto/387/genIslnoResize.25545387_4.jpg,34.1118571,-118.323397,2025-08-20
7129048,"$2,849,000","3300 N Knoll Dr, Los Angeles, CA 90068",4 beds,3.5 baths,"3,558",https://www.redfin.com/CA/Los-Angeles/3300-N-Knoll-Dr-90068/home/7129048,https://ssl.cdn-redfin.com/photo/40/islphoto/577/genIslnoResize.25548577_4.jpg,34.1291396,-118.3430533,2025-08-20
7128073,"$445,000","3480 Barham Blvd #215, Los Angeles, CA 90068",1 bed,1 bath,812,https://www.redfin.com/CA/Los-Angeles/3480-Barham-Blvd-90068/unit-215/home/7128073,https://ssl.cdn-redfin.com/photo/45/islphoto/619/genIslnoResize.SR25147619_1.jpg,34.135386,-118.3418345,2025-08-20
7131462,"$1,695,000","2464 Hollyridge Dr, Los Angeles, CA 90068",2 beds,3 baths,"1,830",https://www.redfin.com/CA/Los-Angeles/2464-Hollyridge-Dr-90068/home/7131462,https://ssl.cdn-redfin.com/photo/40/islphoto/291/genIslnoResize.25551291_0.jpg,34.1125915,-118.3193189,2025-08-20
5315278,"$1,499,000","6900 Treasure Trl, Los Angeles, CA 90068",2 beds,2 baths,"1,558",https://www.redfin.com/CA/Los-Angeles/6900-Treasure-Trl-90068/home/5315278,https://ssl.cdn-redfin.com/photo/40/islphoto/847/genIslnoResize.25539847_2.jpg,34.124133,-118.34525,2025-08-20
5313936,"$1,250,000","6933 Vanland Trl, Los Angeles, CA 90068",3 beds,2 baths,"1,460",https://www.redfin.com/CA/Los-Angeles/6933-Vanland-Trl-90068/home/5313936,https://ssl.cdn-redfin.com/photo/40/islphoto/755/genIslnoResize.25535755_C.jpg,34.122006,-118.3453045,2025-08-20
7130235,"$2,850,000","2820 Westshire Dr, Los Angeles, CA 90068",4 beds,4.5 baths,"3,642",https://www.redfin.com/CA/Los-Angeles/2820-Westshire-Dr-90068/home/7130235,https://ssl.cdn-redfin.com/photo/40/islphoto/731/genIslnoResize.25525731_1.jpg,34.1217347,-118.3203499,2025-08-20
5313854,"$1,999,999","6960 Pacific View Dr, Los Angeles, CA 90068",4 beds,3 baths,"2,000",https://www.redfin.com/CA/Los-Angeles/6960-Pacific-View-Dr-90068/home/5313854,https://ssl.cdn-redfin.com/photo/40/islphoto/489/genIslnoResize.25560489_1.jpg,34.1205556,-118.3450306,2025-08-20
7128429,"$2,495,000","3127 Arrowhead Dr, Los Angeles, CA 90068",4 beds,2.5 baths,"2,763",https://www.redfin.com/CA/Los-Angeles/3127-Arrowhead-Dr-90068/home/7128429,https://ssl.cdn-redfin.com/photo/40/islphoto/161/genIslnoResize.25552161_2.jpg,34.1263746,-118.3276099,2025-08-20
5312405,"$4,799,000","2841 Montcalm Ave, Los Angeles, CA 90046",4 beds,5.5 baths,"4,409",https://www.redfin.com/CA/Los-Angeles/2841-Montcalm-Ave-90046/home/5312405,https://ssl.cdn-redfin.com/photo/40/islphoto/753/genIslnoResize.25562753_4.jpg,34.1232535,-118.3557239,2025-08-20
7128076,"$498,000","3480 Barham Blvd #218, Los Angeles, CA 90068",1 bed,1 bath,812,https://www.redfin.com/CA/Los-Angeles/3480-Barham-Blvd-90068/unit-218/home/7128076,https://ssl.cdn-redfin.com/photo/40/islphoto/167/genIslnoResize.25564167_0.jpg,34.135386,-118.3418345,2025-08-20
7126616,"$3,750,000","2660 Carman Crest Dr, Los Angeles, CA 90068",5 beds,5.5 baths,"4,190",https://www.redfin.com/CA/Los-Angeles/2660-Carman-Crest-Dr-90068/home/7126616,https://ssl.cdn-redfin.com/photo/40/islphoto/313/genIslnoResize.25542313_1.jpg,34.1175196,-118.3489723,2025-08-20
7129124,"$3,175,000","3275 N Knoll Dr, Los Angeles, CA 90068",5 beds,5.5 baths,"4,709",https://www.redfin.com/CA/Los-Angeles/3275-N-Knoll-Dr-90068/home/7129124,https://ssl.cdn-redfin.com/photo/40/islphoto/085/genIslnoResize.25558085_L.jpg,34.1278659,-118.3434227,2025-08-20
22397077,"$17,888,000","7305 Pyramid Pl, Los Angeles, CA 90046",7 beds,8.5 baths,"9,200",https://www.redfin.com/CA/Los-Angeles/7305-Pyramid-Pl-90046/home/22397077,https://ssl.cdn-redfin.com/photo/40/islphoto/203/genIslnoResize.25513203_3.jpg,34.1201793,-118.3518978,2025-08-20
7114888,"$1,345,000","1977 Hillcrest Rd, Los Angeles, CA 90068",2 beds,2 baths,—,https://www.redfin.com/CA/Los-Angeles/1977-Hillcrest-Rd-90068/home/7114888,https://ssl.cdn-redfin.com/photo/40/islphoto/075/genIslnoResize.25530075_0.jpg,34.1066723,-118.3402478,2025-08-20
7128185,"$499,900","2700 Cahuenga Blvd E #3104, Los Angeles, CA 90068",1 bed,1 bath,685,https://www.redfin.com/CA/Los-Angeles/2700-Cahuenga-Blvd-E-90068/unit-3104/home/7128185,https://ssl.cdn-redfin.com/photo/45/islphoto/276/genIslnoResize.SR25134276_0.jpg,34.118004,-118.336194,2025-08-20
8149029,"$1,125,000","3401 Barham Blvd #3, Los Angeles, CA 90068",3 beds,4 baths,"1,930",https://www.redfin.com/CA/Los-Angeles/3401-Barham-Blvd-90068/unit-3/home/8149029,https://ssl.cdn-redfin.com/photo/40/islphoto/797/genIslnoResize.25563797_1.jpg,34.1335555,-118.3439588,2025-08-20
5315241,"$1,595,000","3006 Vista Crest Dr, Los Angeles, CA 90068",3 beds,3.5 baths,"2,411",https://www.redfin.com/CA/Los-Angeles/3006-Vista-Crest-Dr-90068/home/5315241,https://ssl.cdn-redfin.com/photo/40/islphoto/015/genIslnoResize.25554015_1.jpg,34.1230392,-118.3461263,2025-08-20
7131316,"$799,000","5920 Chula Vista Way, Los Angeles, CA 90068",2 beds,3 baths,"1,067",https://www.redfin.com/CA/Los-Angeles/5920-Chula-Vista-Way-90068/home/7131316,https://ssl.cdn-redfin.com/photo/40/islphoto/947/genIslnoResize.25542947_7.jpg,34.1072566,-118.3187301,2025-08-20
5311217,"$2,225,000","3201 Bonnie Hill Dr, Los Angeles, CA 90068",4 beds,3.5 baths,"1,915",https://www.redfin.com/CA/Los-Angeles/3201-Bonnie-Hill-Dr-90068/home/5311217,https://ssl.cdn-redfin.com/photo/45/islphoto/332/genIslnoResize.SR25088332_0.jpg,34.1292059,-118.3587933,2025-08-20
7114526,"$585,000","6732 Hillpark Dr #307, Los Angeles, CA 90068",2 beds,2 baths,"1,221",https://www.redfin.com/CA/Los-Angeles/6732-Hillpark-Dr-90068/unit-307/home/7114526,https://ssl.cdn-redfin.com/photo/40/islphoto/931/genIslnoResize.25526931_0.jpg,34.1180482,-118.3401201,2025-08-20
174593094,"$3,399,000","5850 Foothill Dr, Los Angeles, CA 90068",5 beds,7 baths,—,https://www.redfin.com/CA/Los-Angeles/5850-Foothill-Dr-90068/home/174593094,https://ssl.cdn-redfin.com/photo/40/islphoto/919/genIslnoResize.25563919_1.jpg,34.1081697,-118.3172219,2025-08-20
5313452,"$2,795,000","7308 Pacific View Dr, Los Angeles, CA 90068",3 beds,3 baths,"3,422",https://www.redfin.com/CA/Los-Angeles/7308-Pacific-View-Dr-90068/home/5313452,https://ssl.cdn-redfin.com/photo/40/islphoto/021/genIslnoResize.25552021_1.jpg,34.1205922,-118.3520774,2025-08-20
7128627,"$1,539,000","3374 Floyd, Los Angeles, CA 90068",3 beds,2 baths,"1,539",https://www.redfin.com/CA/Los-Angeles/3374-Floyd-Ter-90068/home/7128627,https://ssl.cdn-redfin.com/photo/45/islphoto/652/genIslnoResize.SR25120652_2.jpg,34.1329535,-118.3447343,2025-08-20
7129697,"$1,800,000","5734 Cazaux Dr, Los Angeles, CA 90068",5 beds,3 baths,"2,655",https://www.redfin.com/CA/Los-Angeles/5734-Cazaux-Dr-90068/home/7129697,https://ssl.cdn-redfin.com/photo/45/islphoto/004/genIslnoResize.SR25122004_3.jpg,34.1149075,-118.3142611,2025-08-20
7127468,"$399,000","2260 N Cahuenga Blvd #203, Los Angeles, CA 90068",1 bed,1 bath,853,https://www.redfin.com/CA/Los-Angeles/2260-N-Cahuenga-Blvd-90068/unit-203/home/7127468,https://ssl.cdn-redfin.com/photo/40/islphoto/747/genIslnoResize.25515747_6.jpg,34.1115062,-118.3329975,2025-08-20
21926857,"$2,195,000","3087 Passmore Dr, Los Angeles, CA 90068",4 beds,4 baths,"3,049",https://www.redfin.com/CA/Los-Angeles/3087-Passmore-Dr-90068/home/21926857,https://ssl.cdn-redfin.com/photo/40/islphoto/925/genIslnoResize.25532925_0.jpg,34.1272078,-118.3539398,2025-08-20
7129776,"$4,387,000","5637 Park Oak Pl, Los Angeles, CA 90068",5 beds,4.5 baths,"3,992",https://www.redfin.com/CA/Los-Angeles/5637-Park-Oak-Pl-90068/home/7129776,https://ssl.cdn-redfin.com/photo/40/islphoto/069/genIslnoResize.25491069_7.jpg,34.117333,-118.312404,2025-08-20
5311515,"$1,799,000","3820 Broadlawn Dr, Los Angeles, CA 90068",4 beds,3 baths,"2,629",https://www.redfin.com/CA/Los-Angeles/3820-Broadlawn-Dr-90068/home/5311515,https://ssl.cdn-redfin.com/photo/40/islphoto/493/genIslnoResize.25529493_2.jpg,34.1313283,-118.3573058,2025-08-20
7129079,"$1,899,000","3233 Tareco Dr, Los Angeles, CA 90068",3 beds,4 baths,"2,203",https://www.redfin.com/CA/Los-Angeles/3233-Tareco-Dr-90068/home/7129079,https://ssl.cdn-redfin.com/photo/45/islphoto/476/genIslnoResize.WS25134476_1.jpg,34.1275856,-118.3419598,2025-08-20
7128122,"$819,995","2700 Cahuenga Blvd E #1302, Los Angeles, CA 90068",3 beds,2 baths,"1,421",https://www.redfin.com/CA/Los-Angeles/2700-Cahuenga-Blvd-E-90068/unit-1302/home/7128122,https://ssl.cdn-redfin.com/photo/45/islphoto/144/genIslnoResize.GD25143144_0.jpg,34.118004,-118.336194,2025-08-20
7128968,"$2,749,000","3345 Wonder View Dr, Los Angeles, CA 90068",3 beds,4 baths,"3,002",https://www.redfin.com/CA/Los-Angeles/3345-Wonder-View-Dr-90068/home/7128968,https://ssl.cdn-redfin.com/photo/40/islphoto/035/genIslnoResize.25513035_G.jpg,34.1293,-118.3410951,2025-08-20
7127235,"$3,300,000","6613 Whitley Ter, Los Angeles, CA 90068",3 beds,3 baths,"2,720",https://www.redfin.com/CA/Los-Angeles/6613-Whitley-Ter-90068/home/7127235,https://ssl.cdn-redfin.com/photo/40/islphoto/303/genIslnoResize.25555303_1.jpg,34.1073165,-118.3340452,2025-08-20
7129302,"$1,700,000","2420 N Beachwood Dr, Los Angeles, CA 90068",6 beds,3 baths,"3,280",https://www.redfin.com/CA/Los-Angeles/2420-N-Beachwood-Dr-90068/home/7129302,https://ssl.cdn-redfin.com/photo/40/islphoto/715/genIslnoResize.25550715_4.jpg,34.1138282,-118.3213819,2025-08-20
7127360,"$585,000","1940 N Highland Ave #2, Los Angeles, CA 90068",2 beds,2 baths,"1,220",https://www.redfin.com/CA/Los-Angeles/1940-N-Highland-Ave-90068/unit-2/home/7127360,https://ssl.cdn-redfin.com/photo/45/islphoto/089/genIslnoResize.SR25126089_0.jpg,34.10648,-118.3368355,2025-08-20
7130513,"$2,399,000","2646 Rinconia Dr, Los Angeles, CA 90068",5 beds,3 baths,"3,350",https://www.redfin.com/CA/Los-Angeles/2646-Rinconia-Dr-90068/home/7130513,https://ssl.cdn-redfin.com/photo/40/islphoto/493/genIslnoResize.25559493_C.jpg,34.1171483,-118.3254308,2025-08-20
7127963,"$1,500,000","2042 Holly Dr, Los Angeles, CA 90068",5 beds,4 baths,"3,082",https://www.redfin.com/CA/Los-Angeles/2042-Holly-Dr-90068/home/7127963,https://ssl.cdn-redfin.com/photo/45/islphoto/928/genIslnoResize.SR25110928_1.jpg,34.1087309,-118.3294862,2025-08-20
8117376,"$1,659,900","3907 Fredonia Dr, Los Angeles, CA 90068",4 beds,3 baths,"2,874",https://www.redfin.com/CA/Los-Angeles/3907-Fredonia-Dr-90068/home/8117376,https://ssl.cdn-redfin.com/photo/45/islphoto/209/genIslnoResize.TR25095209_0.jpg,34.1350439,-118.3632715,2025-08-20
5310704,"$2,895,000","3701 Multiview Dr, Los Angeles, CA 90068",6 beds,6.5 baths,"4,121",https://www.redfin.com/CA/Los-Angeles/3701-Multiview-Dr-90068/home/5310704,https://ssl.cdn-redfin.com/photo/40/islphoto/645/genIslnoResize.25546645_0.jpg,34.132563,-118.3604736,2025-08-20
7131335,"$839,000","1957 N Bronson Ave #112, Los Angeles, CA 90068",2 beds,3 baths,"1,410",https://www.redfin.com/CA/Los-Angeles/1957-N-Bronson-Ave-90068/unit-112/home/7131335,https://ssl.cdn-redfin.com/photo/40/islphoto/069/genIslnoResize.25542069_3.jpg,34.1068916,-118.3183365,2025-08-20
17234472,"$949,000","6253 Hollywood Blvd #302, Los Angeles, CA 90028",2 beds,2 baths,"1,140",https://www.redfin.com/CA/Los-Angeles/6253-Hollywood-Blvd-90028/unit-302/home/17234472,https://ssl.cdn-redfin.com/photo/40/islphoto/447/genIslnoResize.25562447_0.jpg,34.1017763,-118.3262794,2025-08-20
187966181,"$969,000","1746 Garfield Pl #101, Los Angeles, CA 90028",2 beds,2.5 baths,"1,520",https://www.redfin.com/CA/Los-Angeles/1746-Garfield-Pl-90028/unit-101/home/187966181,https://ssl.cdn-redfin.com/photo/45/islphoto/675/genIslnoResize.SR25111675_0.jpg,34.1031303,-118.3104432,2025-08-20
7131096,"$2,495,000","6061 Franklin Ave, Los Angeles, CA 90028",12 beds,12 baths,"6,132",https://www.redfin.com/CA/Los-Angeles/6061-Franklin-Ave-90028/home/7131096,https://ssl.cdn-redfin.com/photo/40/islphoto/895/genIslnoResize.24-466895_1.jpg,34.1055413,-118.3218351,2025-08-20
178969676,"$1,350,000","3226 Barham Blvd, Los Angeles, CA 90068",1 bed,2 baths,"2,004",https://www.redfin.com/CA/Los-Angeles/3226-Barham-Blvd-90068/home/178969676,https://ssl.cdn-redfin.com/photo/40/islphoto/547/genIslnoResize.25559547_0.jpg,34.1292157,-118.3462156,2025-08-20
7126619,"$3,900,000","2608 Carman Crest Dr, Los Angeles, CA 90068",4 beds,3 baths,—,https://www.redfin.com/CA/Los-Angeles/2608-Carman-Crest-Dr-90068/home/7126619,https://ssl.cdn-redfin.com/photo/40/islphoto/851/genIslnoResize.25551851_1.jpg,34.115988,-118.3486764,2025-08-20
7132131,"$2,687,000","1926 N Wilton Pl, Los Angeles, CA 90068",3 beds,3 baths,"2,200",https://www.redfin.com/CA/Los-Angeles/1926-N-Wilton-Pl-90068/home/7132131,https://ssl.cdn-redfin.com/photo/40/islphoto/009/genIslnoResize.25521009_1.jpg,34.1062871,-118.3134215,2025-08-20
183827653,"$1,685,000","6325 Primrose Ave, Los Angeles, CA 90068",3 beds,3.5 baths,"2,169",https://www.redfin.com/CA/Los-Angeles/6325-Primrose-Ave-90068/home/183827653,https://ssl.cdn-redfin.com/photo/40/islphoto/449/genIslnoResize.25534449_1.jpg,34.1102414,-118.3277227,2025-08-20
5313964,"$1,750,000","6894 Pacific View Dr, Los Angeles, CA 90068",3 beds,3 baths,"2,402",https://www.redfin.com/CA/Los-Angeles/6894-Pacific-View-Dr-90068/home/5313964,https://ssl.cdn-redfin.com/photo/40/islphoto/215/genIslnoResize.25516215_8.jpg,34.1218963,-118.3457148,2025-08-20
7128219,"$620,000","2700 Cahuenga Blvd #4107, Los Angeles, CA 90068",2 beds,2 baths,"1,002",https://www.redfin.com/CA/Los-Angeles/2700-Cahuenga-Blvd-E-90068/unit-4107/home/7128219,https://ssl.cdn-redfin.com/photo/40/islphoto/559/genIslnoResize.25544559_0.jpg,34.118004,-118.336194,2025-08-20
7130094,"$2,275,000","3307 Deronda Dr, Los Angeles, CA 90068",2 beds,2 baths,"2,461",https://www.redfin.com/CA/Los-Angeles/3307-Deronda-Dr-90068/home/7130094,https://ssl.cdn-redfin.com/photo/40/islphoto/661/genIslnoResize.25543661_0.jpg,34.1278759,-118.319595,2025-08-20
5253353,"$1,795,000","3935 Kentucky Dr, Los Angeles, CA 90068",3 beds,4 baths,"2,300",https://www.redfin.com/CA/Los-Angeles/3935-Kentucky-Dr-90068/home/5253353,https://ssl.cdn-redfin.com/photo/45/islphoto/957/genIslnoResize.SR25092957_1.jpg,34.1358007,-118.3637918,2025-08-20
22865343,"$3,515,000","2635 Hargrave Dr, Los Angeles, CA 90068",4 beds,4 baths,"3,100",https://www.redfin.com/CA/Los-Angeles/2635-Hargrave-Dr-90068/home/22865343,https://ssl.cdn-redfin.com/photo/258/islphoto/059/genIslnoResize.219120059_0.jpg,34.1167051,-118.3248789,2025-08-20
7127480,"$870,000","2260 N Cahuenga Blvd #307, Los Angeles, CA 90068",2 beds,3 baths,"1,768",https://www.redfin.com/CA/Los-Angeles/2260-N-Cahuenga-Blvd-90068/unit-307/home/7127480,https://ssl.cdn-redfin.com/photo/40/islphoto/375/genIslnoResize.25547375_0.jpg,34.1115062,-118.3329975,2025-08-20
7129102,"$1,798,888","3261 N Knoll Dr, Los Angeles, CA 90068",4 beds,3 baths,"2,100",https://www.redfin.com/CA/Los-Angeles/3261-N-Knoll-Dr-90068/home/7129102,https://ssl.cdn-redfin.com/photo/40/islphoto/417/genIslnoResize.25533417_1.jpg,34.12736,-118.3430188,2025-08-20
5310475,"$1,199,000","3754 Fredonia Dr, Los Angeles, CA 90068",3 beds,2 baths,"1,476",https://www.redfin.com/CA/Los-Angeles/3754-Fredonia-Dr-90068/home/5310475,https://ssl.cdn-redfin.com/photo/40/islphoto/677/genIslnoResize.25-484677_2.jpg,34.1332737,-118.363528,2025-08-20
7128704,"$2,249,000","3319 Charleston Way, Los Angeles, CA 90068",4 beds,4 baths,"3,165",https://www.redfin.com/CA/Los-Angeles/3319-Charleston-Way-90068/home/7128704,https://ssl.cdn-redfin.com/photo/40/islphoto/663/genIslnoResize.25536663_0.jpg,34.1323168,-118.3469673,2025-08-20
7131906,"$1,500,000","5545 Tuxedo, Los Angeles, CA 90068",3 beds,2 baths,"2,096",https://www.redfin.com/CA/Los-Angeles/5545-Tuxedo-Ter-90068/home/7131906,https://ssl.cdn-redfin.com/photo/45/islphoto/012/genIslnoResize.DW24204012_L.jpg,34.1129097,-118.3142343,2025-08-20
7127678,"$1,890,000","6389 La Punta Dr, Los Angeles, CA 90068",3 beds,3.5 baths,"2,389",https://www.redfin.com/CA/Los-Angeles/6389-La-Punta-Dr-90068/home/7127678,https://ssl.cdn-redfin.com/photo/40/islphoto/547/genIslnoResize.25555547_0.jpg,34.1142376,-118.3283435,2025-08-20
22123708,"$2,479,000","2995 Belden Dr, Los Angeles, CA 90068",4 beds,3.5 baths,"4,106",https://www.redfin.com/CA/Los-Angeles/2995-Belden-Dr-90068/home/22123708,https://ssl.cdn-redfin.com/photo/45/islphoto/903/genIslnoResize.SR25105903_0.jpg,34.1234756,-118.3220679,2025-08-20
5312664,"$1,150,000","3112 Goodview Trl, Los Angeles, CA 90068",1 bed,1 bath,162,https://www.redfin.com/CA/Los-Angeles/3112-Goodview-Trl-90068/home/5312664,https://ssl.cdn-redfin.com/photo/45/islphoto/220/genIslnoResize.SR25067220_2.jpg,34.1246659,-118.3487891,2025-08-20
7129922,"$1,549,000","6240 Mulholland Hwy, Los Angeles, CA 90068",3 beds,3.5 baths,"2,013",https://www.redfin.com/CA/Los-Angeles/6240-Mulholland-Hwy-90068/home/7129922,https://ssl.cdn-redfin.com/photo/40/islphoto/265/genIslnoResize.24-464265_2.jpg,34.1283822,-118.3234902,2025-08-20
196213271,"$3,875,000","6686 Emmet Ter, Los Angeles, CA 90068",8 beds,6 baths,"4,474",https://www.redfin.com/CA/Los-Angeles/6686-Emmet-Ter-90068/home/196213271,https://ssl.cdn-redfin.com/photo/40/islphoto/343/genIslnoResize.25557343_0.jpg,34.1058515,-118.3360921,2025-08-20
7128116,"$529,000","2700 Cahuenga Blvd #1203, Los Angeles, CA 90068",1 bed,1 bath,685,https://www.redfin.com/CA/Los-Angeles/2700-Cahuenga-Blvd-E-90068/unit-1203/home/7128116,https://ssl.cdn-redfin.com/photo/40/islphoto/591/genIslnoResize.25547591_1.jpg,34.118004,-118.336194,2025-08-20
5310379,"$889,000","3880 Fredonia Dr Unit D, Los Angeles, CA 90068",2 beds,2.5 baths,"1,511",https://www.redfin.com/CA/Los-Angeles/3880-Fredonia-Dr-90068/unit-D/home/5310379,https://ssl.cdn-redfin.com/photo/45/islphoto/265/genIslnoResize.SR25034265_2.jpg,34.134942,-118.362343,2025-08-20
7130319,"$2,345,000","2860 Hollyridge Dr, Los Angeles, CA 90068",3 beds,2 baths,"1,813",https://www.redfin.com/CA/Los-Angeles/2860-Hollyridge-Dr-90068/home/7130319,https://ssl.cdn-redfin.com/photo/40/islphoto/535/genIslnoResize.25532535_2.jpg,34.1209651,-118.3188347,2025-08-20
5314289,"$1,795,000","7191 Woodrow Wilson Dr, Los Angeles, CA 90068",2 beds,1.5 baths,"1,159",https://www.redfin.com/CA/Los-Angeles/7191-Woodrow-Wilson-Dr-90068/home/5314289,https://ssl.cdn-redfin.com/photo/40/islphoto/577/genIslnoResize.25554577_1.jpg,34.1254142,-118.3493742,2025-08-20
7132068,"$2,150,000","1966 N Van Ness Ave, Los Angeles, CA 90068",4 beds,3 baths,"2,818",https://www.redfin.com/CA/Los-Angeles/1966-N-Van-Ness-Ave-90068/home/7132068,https://ssl.cdn-redfin.com/photo/40/islphoto/133/genIslnoResize.25518133_G.jpg,34.10712,-118.3155709,2025-08-20
7127630,"$2,399,000","2350 San Marco Dr, Los Angeles, CA 90068",4 beds,4 baths,"4,800",https://www.redfin.com/CA/Los-Angeles/2350-San-Marco-Dr-90068/home/7127630,https://ssl.cdn-redfin.com/photo/40/islphoto/661/genIslnoResize.25554661_0.jpg,34.1141675,-118.3310934,2025-08-20
7131464,"$1,794,900","6002 Graciosa Dr, Los Angeles, CA 90068",3 beds,2.5 baths,"2,332",https://www.redfin.com/CA/Los-Angeles/6002-Graciosa-Dr-90068/home/7131464,https://ssl.cdn-redfin.com/photo/40/islphoto/995/genIslnoResize.25548995_0.jpg,34.112604,-118.3199573,2025-08-20
7127757,"$2,797,000","6334 Bryn Mawr Dr, Los Angeles, CA 90068",4 beds,4.5 baths,"3,024",https://www.redfin.com/CA/Los-Angeles/6334-Bryn-Mawr-Dr-90068/home/7127757,https://ssl.cdn-redfin.com/photo/45/islphoto/927/genIslnoResize.SR25069927_4.jpg,34.1129964,-118.3273034,2025-08-20
7128820,"$1,150,000",3384 Barham Blvd,3 beds,3 baths,"1,800",https://www.redfin.com/CA/Los-Angeles/3384-Barham-Blvd-90068/home/7128820,https://ssl.cdn-redfin.com/photo/272/islphoto/883/genIslnoResize.225001883_1.jpg,34.132748,-118.343802,2025-08-20
196114704,"$3,950,000","1734 Taft Ave, Los Angeles, CA 90028",24 beds,22 baths,"14,029",https://www.redfin.com/CA/Los-Angeles/1734-Taft-Ave-90028/home/196114704,https://ssl.cdn-redfin.com/photo/40/islphoto/309/genIslnoResize.25553309_0.jpg,34.1027831,-118.31445,2025-08-20
8148113,"$2,475,000","6930 Woodrow Wilson Dr, Los Angeles, CA 90068",4 beds,4 baths,"2,907",https://www.redfin.com/CA/Los-Angeles/6930-Woodrow-Wilson-Dr-90068/home/8148113,https://ssl.cdn-redfin.com/photo/40/islphoto/051/genIslnoResize.25526051_0.jpg,34.1248565,-118.3460229,2025-08-20
189465467,"$2,800,000","3657 1/2 Regal Pl Unit 3657 1/2, Los Angeles, CA 90068",4 beds,4 baths,"2,560",https://www.redfin.com/CA/Los-Angeles/3657-1-2-Regal-Pl-90068/unit-3657-1-2/home/189465467,https://ssl.cdn-redfin.com/photo/40/islphoto/399/genIslnoResize.25550399_0.jpg,34.1342293,-118.3616378,2025-08-20
5312646,"$1,150,000","3118 Goodview Trl, Los Angeles, CA 90068",1 bed,1 bath,736,https://www.redfin.com/CA/Los-Angeles/3118-Goodview-Trl-90068/home/5312646,https://ssl.cdn-redfin.com/photo/45/islphoto/291/genIslnoResize.SR25067291_2.jpg,34.1246769,-118.3489523,2025-08-20
7127119,"$2,200,000","2001 Holly Hill Ter, Los Angeles, CA 90068",4 beds,4 baths,"4,241",https://www.redfin.com/CA/Los-Angeles/2001-Holly-Hill-Ter-90068/home/7127119,https://ssl.cdn-redfin.com/photo/40/islphoto/719/genIslnoResize.25505719_5.jpg,34.1071305,-118.3324771,2025-08-20
23226643,"$7,250,000","7080 Mulholland Dr, Los Angeles, CA 90068",4 beds,5 baths,"5,600",https://www.redfin.com/CA/Los-Angeles/7080-Mulholland-Dr-90068/home/23226643,https://ssl.cdn-redfin.com/photo/40/islphoto/135/genIslnoResize.25491135_1.jpg,34.116645,-118.3440577,2025-08-20
146262192,"$1,297,000","2111 N Cahuenga Blvd #1, Los Angeles, CA 90068",3 beds,3.5 baths,"1,708",https://www.redfin.com/CA/Los-Angeles/2111-N-Cahuenga-Blvd-90068/unit-1/home/146262192,https://ssl.cdn-redfin.com/photo/40/islphoto/985/genIslnoResize.25525985_2.jpg,34.1091256,-118.331414,2025-08-20
17138915,"$475,000","6253 Hollywood Blvd #309, Los Angeles, CA 90028",1 bed,1 bath,850,https://www.redfin.com/CA/Los-Angeles/6253-Hollywood-Blvd-90028/unit-309/home/17138915,https://ssl.cdn-redfin.com/photo/45/islphoto/378/genIslnoResize.BB24182378_C.jpg,34.1017763,-118.3262794,2025-08-20
7130975,"$1,449,000","2049 Argyle Ave, Los Angeles, CA 90068",4 beds,3 baths,"2,343",https://www.redfin.com/CA/Los-Angeles/2049-Argyle-Ave-90068/home/7130975,https://ssl.cdn-redfin.com/photo/45/islphoto/719/genIslnoResize.GD24242719_9.jpg,34.1083583,-118.325575,2025-08-20
7114950,"$2,695,000","2002 Hillcrest Rd, Los Angeles, CA 90068",3 beds,3 baths,"2,116",https://www.redfin.com/CA/Los-Angeles/2002-Hillcrest-Rd-90068/home/7114950,https://ssl.cdn-redfin.com/photo/40/islphoto/731/genIslnoResize.25531731_F.jpg,34.1070915,-118.3402436,2025-08-20
143367520,"$2,949,000","3437 Troy Dr, Los Angeles, CA 90068",4 beds,3.5 baths,"2,786",https://www.redfin.com/CA/Los-Angeles/3437-Troy-Dr-90068/home/143367520,https://ssl.cdn-redfin.com/photo/40/islphoto/927/genIslnoResize.25508927_5.jpg,34.1354688,-118.3441561,2025-08-20
7130577,"$2,649,000","6201 Quebec Dr, Los Angeles, CA 90068",3 beds,4 baths,"3,584",https://www.redfin.com/CA/Los-Angeles/6201-Quebec-Dr-90068/home/7130577,https://ssl.cdn-redfin.com/photo/40/islphoto/807/genIslnoResize.25505807_0.jpg,34.1141559,-118.3250952,2025-08-20
17242271,"$679,000","1929 Tamarind Ave #12, Los Angeles, CA 90068",2 beds,1 bath,840,https://www.redfin.com/CA/Los-Angeles/1929-Tamarind-Ave-90068/unit-12/home/17242271,https://ssl.cdn-redfin.com/photo/40/islphoto/753/genIslnoResize.25528753_3.jpg,34.1061472,-118.3196036,2025-08-20
7131845,"$9,800,000","5630 Valley Oak Dr, Los Angeles, CA 90068",4 beds,5 baths,"8,244",https://www.redfin.com/CA/Los-Angeles/5630-Valley-Oak-Dr-90068/home/7131845,https://ssl.cdn-redfin.com/photo/40/islphoto/853/genIslnoResize.25495853_1.jpg,34.1110555,-118.3121501,2025-08-20
7112090,"$2,750,000","5666-5672 Franklin Ave, Los Angeles, CA 90028",8 beds,4 baths,"5,016",https://www.redfin.com/CA/Los-Angeles/5666-Franklin-Ave-90028/home/7112090,https://ssl.cdn-redfin.com/photo/45/islphoto/658/genIslnoResize.SR25143658_0.jpg,34.105068,-118.312995,2025-08-20
187969946,"$1,199,000","1746 Garfield Pl #203, Los Angeles, CA 90028",3 beds,2.5 baths,"1,646",https://www.redfin.com/CA/Los-Angeles/1746-Garfield-Pl-90028/unit-203/home/187969946,https://ssl.cdn-redfin.com/photo/45/islphoto/597/genIslnoResize.SR25112597_0.jpg,34.1031303,-118.3104432,2025-08-20
51585562,"$1,349,000","3450 Cahuenga Blvd #410, Los Angeles, CA 90068",2 beds,2.5 baths,"2,360",https://www.redfin.com/CA/Los-Angeles/3450-Cahuenga-Blvd-W-90068/unit-410/home/51585562,https://ssl.cdn-redfin.com/photo/40/islphoto/879/genIslnoResize.25-486879_1.jpg,34.1327368,-118.3535227,2025-08-20
5312645,"$1,250,000","3124 Goodview Trl, Los Angeles, CA 90068",1 bed,1 bath,695,https://www.redfin.com/CA/Los-Angeles/3124-Goodview-Trl-90068/home/5312645,https://ssl.cdn-redfin.com/photo/45/islphoto/326/genIslnoResize.SR25067326_2.jpg,34.1248024,-118.3492371,2025-08-20
189546085,"$1,300,000","3649 Regal Pl #203, Los Angeles, CA 90068",2 beds,2 baths,"1,630",https://www.redfin.com/CA/Los-Angeles/3649-Regal-Pl-90068/unit-203/home/189546085,https://ssl.cdn-redfin.com/photo/40/islphoto/393/genIslnoResize.25543393_0.jpg,34.1342348,-118.3620943,2025-08-20
22233236,"$6,450,000","3716 Multiview Dr, Los Angeles, CA 90068",5 beds,6 baths,"5,536",https://www.redfin.com/CA/Los-Angeles/3716-Multiview-Dr-90068/home/22233236,https://ssl.cdn-redfin.com/photo/40/islphoto/763/genIslnoResize.24-472763_4.jpg,34.1323784,-118.3600724,2025-08-20
12278792,"$2,485,000","2625 Hargrave Dr, Los Angeles, CA 90068",4 beds,4 baths,"3,946",https://www.redfin.com/CA/Los-Angeles/2625-Hargrave-Dr-90068/home/12278792,https://ssl.cdn-redfin.com/photo/40/islphoto/129/genIslnoResize.25512129_6.jpg,34.1165476,-118.3246541,2025-08-20
17139367,"$899,995","6253 Hollywood Blvd #402, Los Angeles, CA 90028",2 beds,2 baths,"1,305",https://www.redfin.com/CA/Los-Angeles/6253-Hollywood-Blvd-90028/unit-402/home/17139367,https://ssl.cdn-redfin.com/photo/40/islphoto/377/genIslnoResize.25516377_4.jpg,34.1017763,-118.3262794,2025-08-20
7112093,"$1,670,000","5648 Franklin Ave, Los Feliz, CA 90028",4 beds,4 baths,"4,624",https://www.redfin.com/CA/Los-Angeles/5648-Franklin-Ave-90028/home/7112093,https://ssl.cdn-redfin.com/photo/45/islphoto/554/genIslnoResize.BB24232554_H.jpg,34.1051191,-118.3124939,2025-08-20
189470912,"$1,300,000","3649 Regal Pl #102, Los Angeles, CA 90068",3 beds,2 baths,"1,640",https://www.redfin.com/CA/Los-Angeles/3649-Regal-Pl-90068/unit-102/home/189470912,https://ssl.cdn-redfin.com/photo/40/islphoto/877/genIslnoResize.25498877_1.jpg,34.1342348,-118.3620943,2025-08-20
7127401,"$845,000","1940 N Highland Ave #44, Los Angeles, CA 90068",2 beds,2 baths,"1,478",https://www.redfin.com/CA/Los-Angeles/1940-N-Highland-Ave-90068/unit-44/home/7127401,https://ssl.cdn-redfin.com/photo/40/islphoto/501/genIslnoResize.24-474501_1.jpg,34.10648,-118.3368355,2025-08-20
7130448,"$8,882,000","2630 Creston Dr, Los Angeles, CA 90068",3 beds,2 baths,"1,786",https://www.redfin.com/CA/Los-Angeles/2630-Creston-Dr-90068/home/7130448,https://ssl.cdn-redfin.com/photo/40/islphoto/885/genIslnoResize.24-377885_2.jpg,34.116762,-118.323914,2025-08-20
194151089,"$1,950,000","3649 Regal Pl #302, Los Angeles, CA 90068",3 beds,3.5 baths,"2,243",https://www.redfin.com/CA/Los-Angeles/3649-Regal-Pl-90068/unit-302/home/194151089,https://ssl.cdn-redfin.com/photo/40/islphoto/163/genIslnoResize.25-478163_1.jpg,34.1342348,-118.3620943,2025-08-20
7130507,"$2,595,000","2609 Creston Dr, Los Angeles, CA 90068",4 beds,4 baths,"2,811",https://www.redfin.com/CA/Los-Angeles/2609-Creston-Dr-90068/home/7130507,https://ssl.cdn-redfin.com/photo/40/islphoto/495/genIslnoResize.25558495_0.jpg,34.1160663,-118.3241636,2025-08-20
22123368,"$550,000","2878 N Belden Dr, Los Angeles, CA 90068",— beds,— baths,—,https://www.redfin.com/CA/Los-Angeles/2878-Belden-Dr-90068/home/22123368,https://ssl.cdn-redfin.com/photo/40/islphoto/403/genIslnoResize.25579403_2.jpg,34.1218452,-118.3228164,2025-08-20
196594047,"$285,000","2172 Broadview Ter, Hollywood Hills, CA 90068",— beds,— baths,—,https://www.redfin.com/CA/Los-Angeles/2172-Broadview-Ter-90068/home/196594047,https://ssl.cdn-redfin.com/photo/40/islphoto/573/genIslnoResize.25565573_0.jpg,34.1097344,-118.3394082,2025-08-20
23229840,"$275,000","2411 San Marco Dr, Los Angeles, CA 90068",— beds,— baths,—,https://www.redfin.com/CA/Los-Angeles/2411-San-Marco-Dr-90068/home/23229840,https://ssl.cdn-redfin.com/photo/45/islphoto/605/genIslnoResize.NDP2507605_0.jpg,34.114648,-118.331657,2025-08-20
7131608,"$5,295,000","1845 Taft Ave, Los Angeles, CA 90028",— beds,— baths,—,https://www.redfin.com/CA/Los-Angeles/1845-Taft-Ave-90028/home/7131608,https://ssl.cdn-redfin.com/photo/40/islphoto/721/genIslnoResize.25575721_0.jpg,34.1047611,-118.3150302,2025-08-20
166639101,"$300,000","0 Quebec Dr, Hollywood Hills East, CA 90068",— beds,— baths,—,https://www.redfin.com/CA/Los-Angeles/0-Quebec-DR-90068/home/166639101,https://ssl.cdn-redfin.com/photo/45/islphoto/927/genIslnoResize.SR25153927_0.jpg,34.113444,-118.328992,2025-08-20
190104243,"$99,500","6379 Hollywood Blvd, Los Angeles, CA 90028",— beds,— baths,—,https://www.redfin.com/CA/Los-Angeles/6379-Hollywood-Blvd-90028/home/190104243,https://ssl.cdn-redfin.com/photo/45/islphoto/502/genIslnoResize.SR25135502_0.jpg,34.1018152,-118.3290801,2025-08-20
167633134,"$5,000","0 Cheremoya Ave, Los Angeles, CA 90068",— beds,— baths,—,https://www.redfin.com/CA/Los-Angeles/Cheremoya-Ave-90068/home/167633134,https://ssl.cdn-redfin.com/photo/45/islphoto/147/genIslnoResize.PW25120147_1.jpg,34.106606,-118.323174,2025-08-20
172028080,"$24,000","0 Glen Oak, Hollywood, CA 90068",— beds,— baths,—,https://www.redfin.com/CA/Los-Angeles/Glen-Oak-St-90068/home/172028080,https://ssl.cdn-redfin.com/photo/45/islphoto/038/genIslnoResize.WS25108038_0.jpg,34.119709,-118.322942,2025-08-20
191458269,"$69,900","0 N/A, Hollywood Hills, CA 90068",— beds,— baths,—,https://www.redfin.com/CA/Hollywood-Hills/0-N-A-90068/home/191458269,https://ssl.cdn-redfin.com/photo/45/islphoto/823/genIslnoResize.OC25150823_0.jpg,34.10993,-118.336229,2025-08-20
195959581,"$249,000","6053 Rodgerton Dr, Los Angeles, CA 90068",— beds,— baths,—,https://www.redfin.com/CA/Los-Angeles/6053-Rodgerton-Dr-90068/home/195959581,https://ssl.cdn-redfin.com/photo/40/islphoto/305/genIslnoResize.25553305_1.jpg,34.12548,-118.31885,2025-08-20
184319659,"$425,000","6155 W Rodgerton Dr, Los Angeles, CA 90068",— beds,— baths,—,https://www.redfin.com/CA/Los-Angeles/6155-Rodgerton-Dr-90068/home/184319659,https://ssl.cdn-redfin.com/photo/40/islphoto/557/genIslnoResize.25553557_0.jpg,34.1251154,-118.3207754,2025-08-20
22659296,"$6,495,000","2666 Larmar Rd, Los Angeles, CA 90068",— beds,— baths,—,https://www.redfin.com/CA/Los-Angeles/2666-Larmar-Rd-90068/home/22659296,https://ssl.cdn-redfin.com/photo/40/islphoto/847/genIslnoResize.25515847_8.jpg,34.11674,-118.35044,2025-08-20
193404028,"$149,999","5897 Lorae Pl, Los Angeles, CA 90068",— beds,— baths,—,https://www.redfin.com/CA/Los-Angeles/5897-Lorae-Pl-90068/home/193404028,https://ssl.cdn-redfin.com/photo/40/islphoto/405/genIslnoResize.25542405_0.jpg,34.1181399,-118.31796,2025-08-20
196220174,"$487,000","2133 Outpost Dr #1, Los Angeles, CA 90068",— beds,— baths,—,https://www.redfin.com/CA/Los-Angeles/2133-Outpost-Dr-90068/unit-1/home/196220174,https://ssl.cdn-redfin.com/photo/48/islphoto/154/genIslnoResize.250021154_6.jpg,34.10999,-118.34611,2025-08-20
7114839,"$4,495,000","7200 La Presa Dr, Los Angeles, CA 90068",— beds,— baths,—,https://www.redfin.com/CA/Los-Angeles/7200-La-Presa-Dr-90068/home/7114839,https://ssl.cdn-redfin.com/photo/40/islphoto/581/genIslnoResize.25503581_1.jpg,34.1081293,-118.3448685,2025-08-20
194236759,"$3,200,000","6101 Mulholland Hwy, Los Angeles, CA 90068",— beds,— baths,—,https://www.redfin.com/CA/Los-Angeles/6101-Mulholland-Hwy-90068/home/194236759,https://ssl.cdn-redfin.com/photo/40/islphoto/131/genIslnoResize.24-464131_7.jpg,34.13123,-118.3204905,2025-08-20
184868599,"$94,700","6945 SUNNYDELL Trl, Los Angeles, CA 90068",— beds,— baths,—,https://www.redfin.com/CA/Los-Angeles/6945-Sunnydell-Trl-90068/home/184868599,https://ssl.cdn-redfin.com/photo/45/islphoto/525/genIslnoResize.SR25106525_0.jpg,34.1201757,-118.3457576,2025-08-20
178703321,"$75,000","7260 Woodrow Wilson Dr, Los Angeles, CA 90046",— beds,— baths,—,https://www.redfin.com/CA/Los-Angeles/7260-Woodrow-Wilson-Dr-90068/home/178703321,https://ssl.cdn-redfin.com/photo/40/islphoto/953/genIslnoResize.25492953_1.jpg,34.1237139,-118.3508655,2025-08-20
22587821,"$150,000","7192 Woodrow Wilson Dr, Los Angeles, CA 90068",— beds,— baths,—,https://www.redfin.com/CA/Los-Angeles/7192-Woodrow-Wilson-Dr-90068/home/22587821,https://ssl.cdn-redfin.com/photo/40/islphoto/381/genIslnoResize.25530381_2.jpg,34.1250356,-118.3493378,2025-08-20
194906174,"$79,900","6893 Pacific View Dr, Los Angeles, CA 90068",— beds,— baths,—,https://www.redfin.com/CA/Los-Angeles/6893-Pacific-View-Dr-90068/home/194906174,https://ssl.cdn-redfin.com/photo/40/islphoto/455/genIslnoResize.25505455_1.jpg,34.1216283,-118.3459679,2025-08-20
26769486,"$315,000","3336 North Ledgewood Dr, Los Angeles, CA 90068",— beds,— baths,—,https://www.redfin.com/CA/Los-Angeles/3336-Ledgewood-Dr-90068/home/26769486,https://ssl.cdn-redfin.com/photo/40/islphoto/259/genIslnoResize.25-489259_1.jpg,34.1291175,-118.3206309,2025-08-20
195913797,"$215,000","2626 Hargrave Dr, Hollywood, CA 90068",— beds,— baths,—,https://www.redfin.com/CA/Los-Angeles/2626-Hargrave-Dr-90068/home/195913797,https://ssl.cdn-redfin.com/photo/258/islphoto/582/genIslnoResize.219130582_0.jpg,34.11669,-118.32451,2025-08-20
22127718,"$6,295,000","3544 Multiview Dr, Studio City, CA 90068",— beds,— baths,—,https://www.redfin.com/CA/Los-Angeles/3544-Multiview-Dr-90068/home/22127718,https://ssl.cdn-redfin.com/photo/45/islphoto/067/genIslnoResize.SR25083067_0.jpg,34.1300158,-118.3599633,2025-08-20
39992394,"$575,000","2949 N Durand Dr, Hollywood Hills East, CA 90068",— beds,— baths,—,https://www.redfin.com/CA/Los-Angeles/2949-Durand-Dr-90068/home/39992394,https://ssl.cdn-redfin.com/photo/45/islphoto/109/genIslnoResize.SR25083109_0.jpg,34.1226712,-118.3238574,2025-08-20
23229841,"$325,000","2415 N San Marco Dr, Los Angeles, CA 90068",— beds,— baths,—,https://www.redfin.com/CA/Los-Angeles/2415-San-Marco-Dr-90068/home/23229841,https://ssl.cdn-redfin.com/photo/40/islphoto/949/genIslnoResize.25518949_0.jpg,34.1148771,-118.3316118,2025-08-20
40014322,"$99,000","2925 N Park Center Dr, Los Angeles, CA 90068",— beds,— baths,—,https://www.redfin.com/CA/Los-Angeles/2925-Park-Center-Dr-90068/home/40014322,https://ssl.cdn-redfin.com/photo/40/islphoto/007/genIslnoResize.25507007_1.jpg,34.1236122,-118.3441541,2025-08-20
22688322,"$799,000","3334 N Knoll Dr, Los Angeles, CA 90068",— beds,— baths,—,https://www.redfin.com/CA/Los-Angeles/3334-N-Knoll-Dr-90068/home/22688322,https://ssl.cdn-redfin.com/photo/40/islphoto/121/genIslnoResize.25539121_0.jpg,34.1289156,-118.3445696,2025-08-20
194524071,"$298,000","6428 W Rodgerton Dr, Los Angeles, CA 90068",— beds,— baths,—,https://www.redfin.com/CA/Los-Angeles/6428-Rodgerton-Dr-90068/home/194524071,https://ssl.cdn-redfin.com/photo/45/islphoto/801/genIslnoResize.TR25021801_5.jpg,34.1237572,-118.3223435,2025-08-20
168698166,"$329,000","2613 Bronholly Dr, Los Angeles, CA 90068",— beds,— baths,—,https://www.redfin.com/CA/Los-Angeles/2613-Bronholly-Dr-90068/home/168698166,https://ssl.cdn-redfin.com/photo/40/islphoto/909/genIslnoResize.25492909_3.jpg,34.1185757,-118.3174826,2025-08-20
193436131,"$175,000","2763 Hargrave, Los Angeles, CA 90068",— beds,— baths,—,https://www.redfin.com/CA/Los-Angeles/2763-Hargrave-Dr-90068/home/193436131,https://ssl.cdn-redfin.com/photo/45/islphoto/134/genIslnoResize.CV24229134_9.jpg,34.11871,-118.32537,2025-08-20
104460769,"$249,000","6905 Cahuenga Park Trl, Los Angeles, CA 90068",— beds,— baths,—,https://www.redfin.com/CA/Los-Angeles/6905-Cahuenga-Park-Trl-90068/home/104460769,https://ssl.cdn-redfin.com/photo/40/islphoto/975/genIslnoResize.25502975_1.jpg,34.1232461,-118.3455295,2025-08-20
179700008,"$259,000","6909 Cahuenga Park Trl, Los Angeles, CA 90068",— beds,— baths,—,https://www.redfin.com/CA/Los-Angeles/6909-Cahuenga-Park-Trl-90068/home/179700008,https://ssl.cdn-redfin.com/photo/40/islphoto/091/genIslnoResize.25503091_1.jpg,34.1230997,-118.3456822,2025-08-20
21833148,"$139,000","5894 Lorae Pl, Los Angeles, CA 90068",— beds,— baths,—,https://www.redfin.com/CA/Los-Angeles/5894-Lorae-Pl-90068/home/21833148,https://ssl.cdn-redfin.com/photo/45/islphoto/026/genIslnoResize.OC24002026_5.jpg,34.1177994,-118.3178051,2025-08-20
190719956,"$1,999,999","7060 Mulholland Dr, Los Angeles, CA 90068",— beds,— baths,—,https://www.redfin.com/CA/Los-Angeles/7060-W-Mulholland-Hwy-90068/home/190719956,https://ssl.cdn-redfin.com/photo/40/islphoto/639/genIslnoResize.25510639_2.jpg,34.1285784,-118.3233635,2025-08-20
179549408,"$349,000","2360 San Marco Dr, Los Angeles, CA 90068",— beds,— baths,—,https://www.redfin.com/CA/Los-Angeles/2360-San-Marco-Dr-90068/home/179549408,https://ssl.cdn-redfin.com/photo/40/islphoto/413/genIslnoResize.24-472413_2.jpg,34.1144603,-118.3309059,2025-08-20
194236727,"$1,100,000","6448 Weidlake Dr, Los Angeles, CA 90068",— beds,— baths,—,https://www.redfin.com/CA/Los-Angeles/6448-Weidlake-Dr-90068/home/194236727,https://ssl.cdn-redfin.com/photo/40/islphoto/421/genIslnoResize.24-349421_2.jpg,34.11593,-118.3299,2025-08-20
194187392,"$375,000","2354 Holly Dr, Los Angeles, CA 90068",— beds,— baths,—,https://www.redfin.com/CA/Los-Angeles/2354-Holly-Dr-90068/home/194187392,https://ssl.cdn-redfin.com/photo/45/islphoto/666/genIslnoResize.SB24077666_6.jpg,34.11437,-118.33034,2025-08-20
193686784,"$125,750","0 Vanland Trl, Los Angeles, CA 90068",— beds,— baths,—,https://www.redfin.com/CA/Los-Angeles/Vanland-TRL-Unknown/home/193686784,https://ssl.cdn-redfin.com/photo/45/islphoto/840/genIslnoResize.SW24192840_4.jpg,34.122682,-118.34452,2025-08-20
57191614,"$349,500","7218 Sunnydip Trl, Hollywood Hills, CA 90068",— beds,— baths,—,https://www.redfin.com/CA/Los-Angeles/7218-Sunnydip-Trl-90068/home/57191614,https://ssl.cdn-redfin.com/photo/45/islphoto/767/genIslnoResize.DW23018767_6.jpg,34.1224189,-118.3487104,2025-08-20
